Protein,Top Product,Cyclical,Drug Score,Number of alpha spheres,Mean alpha-sphere radius,Mean alpha-sphere Solvent Acc.,Hydrophobicity Score,Polarity Score,Amino Acid based volume Score,Pocket volume (Monte Carlo),Pocket volume (convex hull),Charge Score,Local hydrophobic density Score,Number of apolar alpha sphere,Proportion of apolar alpha sphere,Glycine - G,Alanine - A,Leucine - L,Methionine - M,Phenylalanine - F,Tryptophan - W,Lysine - K,Glutamine - Q,Glutamic Acid - E,Serine - S,Proline - P,Valine - V,Isoleucine - I,Cysteine - C,Tyrosine - Y,Histidine - H,Arginine - R,Asparagine - N,Aspartic Acid - D,Threonine - T,Number of residues,Ionisable groups,Polar,Non-polar,Charged,Positive charge,Negative charge,Pos-neg charge ratio,Uncharged,Aromatic,Hydrophobic,Small,tiny
A0A1V0QSH2,a-pinene (100.0%),1,0.4679,127,3.7956,0.4259,22.5926,20,4.8519,662.0692,231.5423,-2,16.3333,24,0.189,0,1,1,0,1,1,1,0,2,1,0,0,4,0,4,1,3,0,5,2,27,16,8,7,12,5,7,0.714,15,7,16,9,2
B6SCF4,b-myrcene (100.0%),0,0.3481,125,3.9306,0.4519,15.4667,21,4.3333,843.8337,310.701,-3,27.3514,37,0.296,2,1,1,0,1,1,1,0,2,2,0,1,3,0,3,1,3,0,6,2,30,16,8,9,13,5,8,0.625,17,6,17,14,5
C3RSF5,a-pinene (100.0%),1,0.9738,172,3.8578,0.5019,23,25,4.125,1052.8654,600.612,-3,38.9706,68,0.3953,3,2,5,0,2,1,0,0,3,4,0,2,1,0,3,1,4,0,5,4,40,16,12,15,13,5,8,0.625,27,7,24,20,9
D7U6G8,E-b-ocimene (100.0%),0,0.9224,120,3.928,0.4517,24.2424,20,4.1515,844.9027,362.0446,-4,32.1463,41,0.3417,0,3,3,0,1,0,0,1,2,4,0,1,4,1,3,0,3,1,5,1,33,14,11,12,10,3,7,0.429,23,4,17,16,8
G0Y7D1,E-b-ocimene (100.0%),0,0.8643,171,4.0242,0.4862,19.1429,22,4.2,1170.4226,573.8641,-2,32.069,58,0.3392,3,2,2,1,0,1,1,0,2,2,0,2,3,0,3,0,4,1,5,3,35,15,10,13,12,5,7,0.714,23,4,21,18,7
O24474,b-myrcene (100.0%),0,0.7042,133,3.9521,0.5227,26.7188,19,4.3125,835.4598,360.0121,-4,37.0492,61,0.4586,1,3,3,0,2,1,0,0,2,3,0,1,1,2,4,0,3,0,5,1,32,16,11,11,10,3,7,0.429,22,7,19,16,9
PchChr33874,b-phellandrene (100.0%),1,0.9873,135,3.8586,0.4587,17.3333,21,4.1667,728.3716,301.7861,-3,28.85,40,0.2963,1,2,0,0,1,1,1,0,2,3,0,2,3,0,3,1,2,1,5,2,30,14,10,9,11,4,7,0.571,19,6,17,16,6
PchChr33879,b-phellandrene (100.0%),1,0.6868,124,3.8528,0.4543,15.6429,22,4.4643,629.1614,207.5186,-3,21.3548,31,0.25,0,1,2,0,0,1,1,0,2,2,0,1,2,0,4,1,2,2,5,2,28,15,11,6,11,4,7,0.571,17,6,15,13,3
Q5SBP1,b-myrcene (100.0%),0,0.8441,96,4.0277,0.5032,24.2174,16,4.8696,523.0496,117.7698,-2,43,44,0.4583,0,0,1,0,1,1,1,0,2,0,0,0,4,1,2,0,3,0,4,3,23,13,7,6,10,4,6,0.667,13,4,14,8,1
Q84KL3,a-pinene (100.0%),1,0.1956,119,3.8918,0.4912,19.6538,18,4.5,735.7113,246.2002,-4,15.0909,33,0.2773,1,1,0,0,3,1,0,0,2,2,0,0,2,1,3,0,3,0,5,2,26,14,9,7,10,3,7,0.429,16,7,14,12,5
Q93X23,b-myrcene (97.0%),0,0.8752,94,3.9899,0.4792,21.9091,15,4.5909,530.48,119.8712,-2,34.5,36,0.383,0,2,1,0,1,1,1,0,2,1,0,0,3,0,2,1,2,0,4,1,22,12,5,7,10,4,6,0.667,12,5,13,8,3
Q94G53,b-pinene (94.0%),1,0.1629,105,3.8814,0.4303,15.1333,23,4.5333,706.7277,263.7466,0,12.381,21,0.2,0,1,0,0,0,1,1,0,2,2,0,2,4,0,3,1,4,3,4,2,30,15,11,7,12,6,6,1,18,5,15,14,3
dinctg061np12121087,b-pinene (100.0%),1,0.9974,146,3.8329,0.453,18.1471,25,4.3824,778.6053,349.9659,-3,39.1111,54,0.3699,0,2,2,0,1,1,1,0,2,2,0,3,1,0,4,1,3,1,6,4,34,17,12,9,13,5,8,0.625,21,7,20,18,4
sroctg002np1314,b-phellandrene (100.0%),1,0.2595,145,3.7416,0.4337,27.3056,23,4.4444,844.8318,475.913,-3,16.8108,37,0.2552,1,4,0,2,3,1,0,0,2,4,0,1,2,0,6,1,3,0,5,1,36,17,12,13,11,4,7,0.571,25,11,22,16,9
A0A0M3Q1Q3,g-terpinene (100.0%),1,0.188,84,4.0562,0.5115,22.9545,15,4.5909,469.1962,75.5997,-2,24.8889,27,0.3214,0,0,2,0,1,1,1,0,2,2,0,1,3,0,1,1,2,0,4,1,22,11,5,7,10,4,6,0.667,12,4,12,8,2
A0A1V0QSF4,a-terpinene (61.0%),1,0.1007,111,3.8029,0.4365,17.1034,22,4.7241,666.1984,225.3319,-1,8.1333,15,0.1351,0,1,1,0,2,1,1,1,2,2,0,1,2,0,3,1,4,0,5,2,29,16,9,7,13,6,7,0.857,16,7,15,11,3
PbTC1,geraniol (100.0%),0,0.683,178,3.8832,0.4662,35.5714,17,4.4,1246.3773,770.3402,0,48.4091,88,0.4944,1,2,3,0,4,1,1,0,1,3,0,4,2,2,2,1,3,1,4,0,35,14,9,16,10,5,5,1,25,8,23,17,8
Q308N0,geraniol (100.0%),0,0.8915,147,3.9122,0.482,20.6429,18,4.3929,741.169,257.6555,-2,35.2308,39,0.2653,1,2,1,0,1,1,1,0,2,1,0,2,3,0,2,1,3,0,5,2,28,14,6,10,12,5,7,0.714,16,5,17,13,4
Q6USK1,geraniol (100.0%),0,0.5882,200,3.8468,0.4401,28.7619,24,4.5,1436.3734,1202.392,-6,28,58,0.29,2,5,5,2,3,2,0,0,5,0,0,0,1,0,4,0,4,1,5,3,42,18,10,18,14,4,10,0.4,28,9,27,16,7
Q8GUE4,geraniol (100.0%),0,0.9817,121,3.9149,0.4562,22.6154,16,4.6538,673.5213,227.9517,-1,42.9333,60,0.4959,1,1,0,1,1,1,1,0,2,2,0,1,4,1,2,0,4,0,4,0,26,14,6,9,11,5,6,0.833,15,4,14,10,5
R9QMW7,b-phellandrene (85.9%),1,0.2395,84,3.7929,0.408,9.3043,18,4.4348,556.0445,186.7814,-4,16.1053,19,0.2262,1,0,0,0,2,0,0,0,2,2,0,1,0,1,4,0,3,0,5,2,23,15,9,4,10,3,7,0.429,13,6,11,12,4
dalctg267np498,Borneol (100%),1,0.0399,165,3.8836,0.497,16.0303,25,4.7273,1289.1963,727.6786,-3,26.5667,60,0.3636,1,1,1,1,1,1,1,0,3,0,0,0,3,0,5,0,4,3,5,3,33,18,12,8,13,5,8,0.625,20,7,18,13,2
dalctg267np499,a-terpineol (98.321%),1,0.9927,152,3.9122,0.4404,21.6875,22,4.2812,797.9435,320.841,-4,35.84,50,0.3289,1,3,1,0,0,1,1,0,2,2,0,2,3,0,5,0,2,1,5,3,32,15,12,10,10,3,7,0.429,22,6,20,17,6
dgrChr5258,Borneol (100%),1,0.0742,93,3.8578,0.4861,23,21,4.5172,572.4677,202.4302,-2,21,22,0.2366,1,1,1,1,2,1,0,0,2,3,0,0,2,0,4,1,3,0,4,3,29,14,11,8,10,4,6,0.667,19,8,17,12,5
dzectg04np1007,Borneol (100%),1,0.9748,117,3.8158,0.4555,14.8846,21,4.6154,623.0602,217.957,-3,21.6129,31,0.265,0,1,1,0,0,1,1,0,2,0,0,0,3,0,4,1,2,2,5,3,26,15,10,5,11,4,7,0.571,15,6,15,11,1
dzectg04np1012,a-terpineol (95.21%),1,0.9958,134,3.8372,0.4625,16.931,22,4.4138,680.4961,229.9397,-3,33.1364,44,0.3284,0,1,2,0,0,1,1,0,2,2,0,3,1,0,4,1,2,2,5,2,29,15,11,7,11,4,7,0.571,18,6,16,15,3
dinctg061np12121085,Borneol (100%),1,0.9615,131,3.789,0.4625,13.6429,23,4.75,647.6581,233.9983,-1,21.7222,36,0.2748,0,1,1,0,0,1,1,0,2,1,0,0,3,0,4,1,4,1,5,3,28,17,10,5,13,6,7,0.857,15,6,15,11,2
