Protein,BaseProtein,Rank,Cyclical,Drug Score,Number of alpha spheres,Mean alpha-sphere radius,Mean alpha-sphere Solvent Acc.,Hydrophobicity Score,Polarity Score,Amino Acid based volume Score,Pocket volume (Monte Carlo),Pocket volume (convex hull),Charge Score,Local hydrophobic density Score,Number of apolar alpha sphere,Proportion of apolar alpha sphere,Glycine - G,Alanine - A,Leucine - L,Methionine - M,Phenylalanine - F,Tryptophan - W,Lysine - K,Glutamine - Q,Glutamic Acid - E,Serine - S,Proline - P,Valine - V,Isoleucine - I,Cysteine - C,Tyrosine - Y,Histidine - H,Arginine - R,Asparagine - N,Aspartic Acid - D,Threonine - T,Number of residues,Ionisable groups,Polar,Non-polar,Charged,Positive charge,Negative charge,Pos-neg charge ratio,Uncharged,Aromatic,Hydrophobic,Small,tiny
A0A059SVB0_1_3_1,A0A059SVB0,1,0,0.9792,146,3.9333,0.4675,29.7419,17,4.4839,864.0712,383.671,-4,52.8615,65,0.4452,4,0,1,0,2,1,0,0,2,1,0,2,5,0,4,0,3,0,5,1,31,14,7,14,10,3,7,0.429,21,7,20,13,5
A0A059SVB0_2_2_1,A0A059SVB0,2,0,0.9796,213,3.8828,0.4583,24.814,24,4.3953,1443.4907,1145.6674,-1,40.6186,97,0.4554,5,2,1,0,2,1,2,0,2,2,1,3,5,0,6,0,4,1,5,1,43,19,11,19,13,6,7,0.857,30,9,28,20,9
A0A059SVB0_3_1_1,A0A059SVB0,3,0,0.9961,151,3.7818,0.4277,30.0857,19,4.4857,905.752,555.7944,-3,37.9355,62,0.4106,4,2,1,0,2,1,0,0,2,1,0,2,5,0,5,0,4,0,5,1,35,16,8,16,11,4,7,0.571,24,8,23,15,7
A0A068B0N9_1_2_1,A0A068B0N9,1,0,0.7401,200,3.7868,0.4519,27.5,22,4.325,1256.1449,741.5287,-2,27.3871,62,0.31,2,4,2,1,3,1,1,1,2,1,0,4,2,0,3,0,4,1,5,3,40,15,10,18,12,5,7,0.714,28,7,26,20,7
A0A068B0N9_2_4_2,A0A068B0N9,2,0,0.9125,109,3.8039,0.471,20.6667,18,4.2333,696.1599,238.0731,-2,38.9268,41,0.3761,3,1,1,1,2,1,1,0,1,1,0,2,2,0,2,0,3,1,5,3,30,12,8,12,10,4,6,0.667,20,5,19,16,5
A0A068B0N9_3_3_3,A0A068B0N9,3,0,0.9855,111,3.8789,0.4761,20.3438,20,4.4062,738.433,253.0296,-2,38.7805,41,0.3694,2,1,1,1,2,1,1,0,2,1,0,3,2,0,2,0,4,1,5,3,32,14,8,12,12,5,7,0.714,20,5,19,16,4
A0A097ZLN9_1_3_2,A0A097ZLN9,1,0,0.854,124,3.854,0.4861,25.56,15,4.4,616.3616,197.9484,-2,51.8361,61,0.4919,1,2,2,0,1,1,1,1,0,2,0,1,2,1,3,0,2,0,5,0,25,12,8,9,8,3,5,0.6,17,5,15,12,6
A0A097ZLN9_2_4_1,A0A097ZLN9,2,0,0.9817,154,3.8199,0.4936,22.8065,19,4.2903,783.5497,428.4279,-6,48.3273,55,0.3571,2,2,2,0,2,1,0,1,2,2,0,2,2,0,4,0,2,1,6,0,31,14,9,12,10,2,8,0.25,21,7,17,15,6
A0A097ZLN9_3_1_1,A0A097ZLN9,3,0,0.3741,92,3.902,0.5065,29.9474,12,4.6842,451.9142,122.977,0,42.4783,46,0.5,1,1,2,0,0,1,1,0,0,2,0,1,2,0,3,0,2,0,3,0,19,9,6,7,6,3,3,1.0,13,4,12,8,4
A0A097ZLP5_1_5_1,A0A097ZLP5,1,0,0.5278,103,3.7941,0.4717,20.1212,23,4.3939,727.3793,365.675,-4,29.5882,34,0.3301,1,1,1,1,2,1,0,0,2,4,0,1,1,2,5,1,3,0,6,1,33,19,13,8,12,4,8,0.5,21,9,18,16,8
A0A097ZLP5_2_4_1,A0A097ZLP5,2,0,0.4674,94,3.8344,0.4532,22.4688,22,4.4375,667.5335,291.4034,-3,20.0909,22,0.234,1,1,1,1,2,1,0,0,2,4,0,1,1,2,5,1,3,0,5,1,32,18,13,8,11,4,7,0.571,21,9,18,15,8
A0A097ZLP5_3_2_3,A0A097ZLP5,3,0,0.2361,59,3.9735,0.5877,33.8889,11,4.6667,459.0916,77.8284,0,28.1333,30,0.5085,1,1,1,1,0,1,0,0,0,2,0,0,1,2,4,0,2,0,2,0,18,10,9,5,4,2,2,1.0,14,5,12,8,6
A0A097ZLS9_1_3_6,A0A097ZLS9,1,0,0.5157,111,3.8636,0.4643,29.4,16,4.68,604.9957,210.266,-1,37.4348,46,0.4144,1,1,1,0,1,1,1,1,0,2,0,3,1,1,5,0,2,0,4,0,25,13,10,8,7,3,4,0.75,18,7,16,12,5
A0A097ZLS9_3_4_4,A0A097ZLS9,3,0,0.9448,281,3.8707,0.4586,29.5,24,4.381,1756.936,1522.5049,-1,42.4561,114,0.4057,5,2,2,0,3,2,2,1,1,3,0,3,1,2,7,1,2,0,5,0,42,20,15,16,11,5,6,0.833,31,13,30,20,12
A0A0D3ML99_1_3_2,A0A0D3ML99,1,1,0.1683,75,4.0297,0.4824,17.8,16,4.9,486.158,83.7091,1,14.0,15,0.2,0,0,1,1,0,1,1,0,2,1,0,0,2,0,2,1,3,1,2,2,20,11,7,4,9,5,4,1.25,11,4,11,6,1
A0A0D3ML99_2_4_6,A0A0D3ML99,2,1,0.0518,80,3.9654,0.4582,15.7083,19,4.6667,542.4927,135.4294,0,14.0,15,0.1875,1,0,1,1,0,1,1,0,2,1,0,0,2,0,3,1,3,1,3,3,24,13,9,5,10,5,5,1.0,14,5,14,9,2
A0A0D3ML99_3_1_2,A0A0D3ML99,3,1,0.3049,124,3.7869,0.4321,23.1379,20,4.7241,764.6516,320.6162,1,13.7037,27,0.2177,1,2,1,1,1,1,1,0,2,1,0,1,2,0,4,1,4,1,3,2,29,15,9,9,11,6,5,1.2,18,7,18,11,4
A0A0F6PMD0_1_3_1,A0A0F6PMD0,1,1,0.9707,147,3.8362,0.4371,19.0968,23,4.6129,793.0955,365.6913,-2,31.2195,41,0.2789,1,1,1,1,1,1,1,0,2,2,0,1,2,0,5,1,3,1,5,2,31,17,11,8,12,5,7,0.714,19,8,18,13,4
A0A0F6PMD0_2_5_3,A0A0F6PMD0,2,1,0.4213,133,3.837,0.4561,12.2692,20,4.5385,723.1813,294.3385,-2,27.9545,44,0.3308,1,1,1,1,0,1,1,0,3,1,0,0,2,0,3,1,3,1,4,2,26,15,8,6,12,5,7,0.714,14,5,14,10,3
A0A0F6PMD0_3_1_1,A0A0F6PMD0,3,1,0.4365,112,3.8037,0.4548,18.5833,18,4.625,575.0521,159.5675,-2,15.3913,23,0.2054,0,1,1,1,1,1,1,0,2,2,0,0,2,0,3,1,2,1,4,1,24,13,8,6,10,4,6,0.667,14,6,13,9,3
A0A140KFH3_1_1_1,A0A140KFH3,1,0,0.1202,230,3.8136,0.4193,23.617,27,4.1702,1773.1064,1910.2113,-5,23.6286,70,0.3043,5,2,4,0,2,2,2,2,2,4,1,3,3,0,5,0,2,0,7,1,47,18,14,20,13,4,9,0.444,34,9,29,23,11
A0A140KFH3_2_3_1,A0A140KFH3,2,0,0.9839,84,3.7781,0.4237,19.7273,14,4.4091,478.1143,97.8835,-4,36.2727,44,0.5238,0,1,1,0,0,1,0,1,2,2,1,2,3,0,2,0,2,0,4,0,22,10,6,8,8,2,6,0.333,14,3,10,10,3
A0A140KFH3_3_4_1,A0A140KFH3,3,0,0.9427,234,3.8203,0.441,31.619,21,4.2619,1591.5398,1539.6488,-4,34.1263,95,0.406,4,3,5,0,2,2,1,2,2,2,1,3,3,0,4,0,2,0,5,1,42,14,11,21,10,3,7,0.429,32,8,28,19,9
A0A1C9J6A7_1_3_1,A0A1C9J6A7,1,1,0.9244,163,3.8352,0.428,21.5128,28,4.6667,942.209,542.8689,0,19.6842,38,0.2331,2,1,1,0,1,1,1,0,2,1,0,2,4,0,6,2,5,0,6,4,39,22,12,11,16,8,8,1.0,23,10,25,16,4
A0A1C9J6A7_2_4_1,A0A1C9J6A7,2,1,0.6253,126,3.8137,0.4483,24.1034,21,4.7586,674.0538,222.16,-2,17.6471,34,0.2698,0,1,1,0,1,1,1,0,2,1,0,1,4,0,4,1,3,0,5,3,29,16,9,8,12,5,7,0.714,17,7,18,11,2
A0A1C9J6A7_3_5_2,A0A1C9J6A7,3,1,0.0763,92,4.0026,0.4678,21.2917,18,4.7917,511.9398,97.4952,-1,20.3636,22,0.2391,0,0,1,0,1,1,1,0,2,1,0,0,4,0,2,1,3,0,4,3,24,13,7,6,11,5,6,0.833,13,5,14,8,1
A0A1Q1N939_1_3_1,A0A1Q1N939,1,0,0.7401,188,3.8657,0.4795,12.2308,27,4.0513,1311.0945,763.8787,-2,31.9062,64,0.3404,2,3,0,0,1,1,1,0,3,5,1,3,2,0,4,0,4,3,4,2,39,16,15,12,12,5,7,0.714,27,6,19,23,10
A0A1Q1N939_2_4_2,A0A1Q1N939,2,0,0.7345,129,3.9958,0.4819,11.6,25,4.0286,950.8583,484.1804,-2,28.76,50,0.3876,2,2,0,0,1,1,1,0,3,5,1,3,1,0,4,0,3,3,3,2,35,14,15,10,10,4,6,0.667,25,6,17,21,9
A0A1Q1N939_3_5_2,A0A1Q1N939,3,0,0.7449,115,3.9221,0.4831,13.2222,21,4.1852,681.8212,236.8224,-2,31.0556,36,0.313,1,0,0,0,1,1,1,0,2,4,0,3,1,0,3,0,2,3,3,2,27,11,13,6,8,3,5,0.6,19,5,13,16,5
A0A2R3ZE38_1_4_1,A0A2R3ZE38,1,0,0.9929,131,3.7811,0.4377,28.7931,17,4.4828,695.2983,275.1301,-4,57.9118,68,0.5191,1,0,4,0,1,1,0,1,1,3,1,4,1,0,4,0,2,0,5,0,29,12,9,12,8,2,6,0.333,21,6,16,14,4
A0A2R3ZE38_2_1_2,A0A2R3ZE38,2,0,0.9248,79,3.7995,0.4693,46.45,9,4.55,395.8473,75.3696,-1,45.3333,51,0.6456,0,0,4,0,1,1,0,0,0,3,1,4,1,0,2,0,1,0,2,0,20,5,6,11,3,1,2,0.5,17,4,13,10,3
A0A2R3ZE38_3_5_1,A0A2R3ZE38,3,0,0.9606,218,3.825,0.4365,33.4186,23,4.3256,1485.3246,1577.749,-3,36.7586,87,0.3991,5,1,6,0,2,2,0,3,2,4,0,5,1,0,5,0,3,0,4,0,43,14,14,20,9,3,6,0.5,34,9,27,19,10
A0A2R3ZE39_1_3_4,A0A2R3ZE39,1,0,0.9734,117,3.9047,0.4862,20.3438,20,4.4062,754.2134,261.4215,-2,40.8837,43,0.3675,2,1,1,1,2,1,1,0,2,1,0,3,2,0,2,0,4,1,5,3,32,14,8,12,12,5,7,0.714,20,5,19,16,4
A0A2R3ZE39_2_4_3,A0A2R3ZE39,2,0,0.5681,98,3.8492,0.4924,25.0,17,4.5185,603.6387,180.1678,-1,41.7273,44,0.449,1,1,1,1,2,1,1,0,1,1,0,2,2,0,2,0,3,1,4,3,27,11,8,10,9,4,5,0.8,18,5,17,13,3
A0A2R3ZE39_3_1_2,A0A2R3ZE39,3,0,0.7247,120,3.7917,0.4452,25.625,18,4.2188,725.3384,277.2974,-4,27.7391,46,0.3833,2,2,1,1,3,1,1,0,2,1,0,3,2,0,2,0,2,1,5,3,32,12,8,14,10,3,7,0.429,22,6,21,17,5
A0A345BJ04_1_5_42,A0A345BJ04,1,0,0.0003,289,3.9795,0.457,23.06,30,4.48,2807.8457,2212.8682,-3,27.6346,104,0.3599,1,3,5,1,2,2,1,2,3,4,2,2,4,0,4,1,5,1,7,0,50,21,13,20,17,7,10,0.7,33,9,26,20,8
A0A345BJ04_2_3_1,A0A345BJ04,2,0,0.9484,128,3.8333,0.432,26.4848,18,4.4545,855.718,462.8915,-2,20.2424,33,0.2578,2,3,3,1,2,1,1,1,1,2,1,1,2,0,4,0,3,0,5,0,33,14,8,15,10,4,6,0.667,23,7,20,14,7
A0A345BJ04_3_4_1,A0A345BJ04,3,0,0.2231,71,3.8572,0.4749,29.125,11,5.0,361.68,51.9433,0,27.1034,29,0.4085,0,0,1,1,0,1,1,0,1,2,0,1,2,0,2,0,2,0,2,0,16,8,5,5,6,3,3,1.0,10,3,9,5,2
A0A3G9EWY9_1_4_1,A0A3G9EWY9,1,0,0.8604,200,3.8474,0.4504,31.7551,22,4.102,1506.58,1592.1613,-1,30.56,75,0.375,6,3,4,3,3,2,2,1,2,3,1,3,3,1,3,1,2,1,4,1,49,15,12,26,11,5,6,0.833,38,9,35,23,13
A0A3G9EWY9_2_3_9,A0A3G9EWY9,2,0,0.0005,16,3.6023,0.3517,-1.7778,8,4.5556,104.9605,2.1675,-1,3.0,4,0.25,0,1,0,0,0,0,1,0,1,1,0,0,0,0,2,0,1,0,2,0,9,7,3,1,5,2,3,0.667,4,2,4,4,2
A0A3G9EWY9_3_2_1,A0A3G9EWY9,3,0,0.8491,181,3.8971,0.4449,17.125,25,4.25,1350.02,995.0583,-3,29.0204,49,0.2707,4,1,2,3,1,1,3,2,2,3,0,2,2,0,4,1,2,0,7,0,40,19,10,15,15,6,9,0.667,25,7,24,17,8
A0A481YAH7_1_3_1,A0A481YAH7,1,1,0.8309,130,3.857,0.4395,19.0,23,4.6129,836.6942,331.804,-1,19.2778,36,0.2769,0,1,1,0,1,1,1,0,2,2,0,1,4,0,3,1,4,1,5,3,31,16,10,8,13,6,7,0.857,18,6,17,13,3
A0A481YAH7_2_4_1,A0A481YAH7,2,1,0.8401,144,3.7909,0.436,22.8333,22,4.8333,754.2881,247.4603,-1,21.8261,46,0.3194,0,1,1,0,1,1,1,0,2,1,0,1,4,0,4,1,4,0,5,3,30,17,9,8,13,6,7,0.857,17,7,18,11,2
A0A481YAH7_3_5_3,A0A481YAH7,3,1,0.0318,88,3.9461,0.4649,21.2917,18,4.7917,530.2848,110.3908,-1,17.619,21,0.2386,0,0,1,0,1,1,1,0,2,1,0,0,4,0,2,1,3,0,4,3,24,13,7,6,11,5,6,0.833,13,5,14,8,1
A0A4Y5QVX4_1_5_1,A0A4Y5QVX4,1,1,0.0858,112,3.895,0.4368,18.3214,21,4.75,685.64,276.684,0,12.0,13,0.1161,0,1,3,0,0,1,1,0,2,1,0,1,2,0,3,2,4,0,5,2,28,17,7,7,14,7,7,1.0,14,6,16,10,2
A0A4Y5QVX4_2_3_1,A0A4Y5QVX4,2,1,0.007,93,3.9023,0.4282,11.6,19,4.48,548.7798,186.51,-1,8.0,9,0.0968,1,0,3,0,0,0,1,0,2,1,0,1,1,0,3,2,3,0,5,2,25,16,6,6,13,6,7,0.857,12,5,14,10,2
A0A4Y5QVX4_3_4_1,A0A4Y5QVX4,3,1,0.0129,132,3.9975,0.4884,11.4,22,4.1667,963.4885,418.0053,1,9.8824,17,0.1288,1,2,3,0,0,0,2,0,1,3,0,1,1,0,3,2,3,1,5,2,30,16,9,8,13,7,6,1.167,17,5,17,15,6
A0A4Y5QWA6_1_3_3,A0A4Y5QWA6,1,0,0.3096,215,3.8339,0.4142,24.5854,24,4.4634,1580.9282,1166.0514,-1,26.5946,74,0.3442,2,3,2,0,3,2,2,1,2,2,1,3,2,1,4,2,3,0,6,0,41,20,10,16,15,7,8,0.875,26,11,26,18,8
A0A4Y5QWA6_2_2_44,A0A4Y5QWA6,2,0,0.3078,192,3.8658,0.4508,19.8222,29,4.4222,1671.5029,1911.1564,-2,20.84,50,0.2604,2,2,2,1,3,1,3,4,3,3,0,4,2,0,4,1,3,1,6,0,45,20,13,16,16,7,9,0.778,29,9,25,18,7
A0A4Y5QWA6_3_4_5,A0A4Y5QWA6,3,0,0.2999,205,3.8782,0.4432,32.3143,21,4.5429,1271.5121,836.449,-4,27.082,61,0.2976,0,3,4,0,3,1,1,1,1,4,0,2,2,0,5,0,2,0,6,0,35,15,11,14,10,3,7,0.429,25,9,21,15,7
A0A4Y5QZ62_1_1_1,A0A4Y5QZ62,1,0,0.0572,247,3.8278,0.4532,28.4615,29,4.2885,1955.2172,2341.2214,-1,25.3333,78,0.3158,3,3,4,1,3,2,1,1,2,6,1,5,2,1,5,2,4,0,6,0,52,21,15,22,15,7,8,0.875,37,12,32,25,13
A0A4Y5QZ62_2_4_2,A0A4Y5QZ62,2,0,0.1022,38,3.7791,0.4946,73.7273,4,5.0,187.0705,9.0798,0,34.0,35,0.9211,0,0,2,0,0,1,0,0,0,1,0,2,2,1,2,0,0,0,0,0,11,3,5,6,0,0,0,0.0,11,3,10,4,2
A0A4Y5QZ62_3_3_1,A0A4Y5QZ62,3,0,0.4451,68,3.7852,0.4541,36.75,10,4.875,391.9518,82.7806,-1,30.1143,35,0.5147,0,0,2,0,0,1,0,0,1,2,0,2,2,0,2,0,2,0,2,0,16,7,5,6,5,2,3,0.667,11,3,9,6,2
A0A5B9G8E4_1_4_3,A0A5B9G8E4,1,0,0.8159,94,3.8751,0.484,24.1071,17,4.3929,596.6375,204.6937,-1,36.7179,39,0.4149,2,1,1,1,2,1,1,0,1,1,0,2,2,0,2,0,3,1,4,3,28,11,8,11,9,4,5,0.8,19,5,18,14,4
A0A5B9G8E4_2_3_9,A0A5B9G8E4,2,0,0.6103,76,3.8714,0.5201,37.0,10,4.2857,462.2365,110.7211,0,39.619,42,0.5526,2,1,1,1,2,1,0,0,0,1,0,2,2,0,1,0,2,1,2,2,21,5,6,11,4,2,2,1.0,17,4,15,11,4
A0A5B9G8E4_3_1_1,A0A5B9G8E4,3,0,0.9834,118,3.7933,0.4213,24.0,18,4.2258,759.0114,318.314,-4,30.7727,44,0.3729,2,2,1,1,3,1,1,0,2,1,0,2,2,0,2,0,2,1,5,3,31,12,8,13,10,3,7,0.429,21,6,20,16,5
A0A6C0M6B5_1_5_4,A0A6C0M6B5,1,0,0.7496,118,3.9467,0.5185,11.3333,19,3.9259,759.3454,218.4812,0,31.7222,36,0.3051,2,0,1,0,0,1,1,0,0,3,1,3,1,0,2,1,2,2,4,3,27,10,11,8,8,4,4,1.0,19,4,15,18,5
A0A6C0M6B5_2_3_40,A0A6C0M6B5,2,0,0.0002,268,4.011,0.4833,11.6078,34,3.8627,2108.6443,2131.083,-3,20.2941,68,0.2537,4,1,2,1,1,1,2,1,3,5,2,4,2,0,4,2,2,4,6,4,51,19,19,17,15,6,9,0.667,36,8,28,30,10
A0A6C0M6B5_3_4_1,A0A6C0M6B5,3,0,0.1909,119,3.9966,0.4834,16.12,18,4.36,738.3183,214.5545,0,25.2571,35,0.2941,1,0,1,0,0,1,1,0,1,1,1,3,1,0,3,1,2,2,3,3,25,11,10,7,8,4,4,1.0,17,5,15,14,2
A0A6P6W6H5_1_3_1,A0A6P6W6H5,1,1,0.3549,93,3.9158,0.4433,18.76,19,4.64,557.3467,152.8645,-2,24.0,25,0.2688,0,0,1,2,1,1,1,0,2,2,0,1,1,0,3,1,2,1,4,2,25,13,9,6,10,4,6,0.667,15,6,14,10,2
A0A6P6W6H5_2_2_3,A0A6P6W6H5,2,1,0.2604,79,3.7999,0.4385,10.44,20,4.6,496.7415,123.0793,-2,20.0,21,0.2658,0,0,1,2,1,1,1,0,2,2,0,0,1,0,2,1,3,1,5,2,25,14,8,5,12,5,7,0.714,13,5,12,10,2
A0A6P6W6H5_3_4_3,A0A6P6W6H5,3,1,0.5994,93,3.8387,0.4295,22.1429,20,4.7857,581.072,218.194,-1,21.6429,28,0.3011,1,0,2,2,1,1,1,0,2,1,0,1,1,0,4,1,3,1,4,2,28,15,9,8,11,5,6,0.833,17,7,17,10,2
A0A7G8EIM4_1_3_1,A0A7G8EIM4,1,0,0.9402,103,3.8544,0.475,23.9667,18,4.3667,733.0924,237.985,-2,40.8372,43,0.4175,2,1,1,1,2,1,1,0,1,1,0,2,3,0,2,0,3,1,5,3,30,12,8,12,10,4,6,0.667,20,5,19,15,4
A0A7G8EIM4_2_4_1,A0A7G8EIM4,2,0,0.7759,103,3.8381,0.4729,24.1071,17,4.3929,640.4554,206.3449,-1,41.0698,43,0.4175,2,1,1,1,2,1,1,0,1,1,0,2,2,0,2,0,3,1,4,3,28,11,8,11,9,4,5,0.8,19,5,18,14,4
A0A7G8EIM4_3_5_1,A0A7G8EIM4,3,0,0.7743,113,3.8338,0.4767,21.3226,19,4.3548,695.731,247.3293,-4,40.6667,45,0.3982,2,1,1,1,2,1,1,0,2,1,0,2,3,0,2,0,3,0,6,3,31,14,7,12,12,4,8,0.5,19,5,19,15,4
A0A7L7S5P2_1_1_1,A0A7L7S5P2,1,0,0.8288,203,3.9229,0.4575,26.7857,26,4.4762,1547.3108,1455.6395,0,27.375,64,0.3153,1,2,4,0,3,1,2,0,4,1,0,2,2,2,3,1,4,2,3,5,42,19,14,14,14,7,7,1.0,28,8,28,18,6
A0A7L7S5P2_2_4_3,A0A7L7S5P2,2,0,0.3526,104,4.029,0.492,19.2917,17,4.4583,639.9211,153.33,-1,36.5263,38,0.3654,0,0,2,0,1,1,1,0,2,1,1,1,1,1,2,0,2,2,2,4,24,10,11,6,7,3,4,0.75,17,4,14,12,2
A0A7L7S5P2_3_2_1,A0A7L7S5P2,3,0,0.5421,202,3.9461,0.4621,31.7105,21,4.2895,1463.7511,834.73,-1,37.578,109,0.5396,2,1,5,0,4,1,1,0,2,2,0,2,1,2,2,0,3,2,3,5,38,13,14,15,9,4,5,0.8,29,7,26,19,7
A0A7L7S5U1_1_3_1,A0A7L7S5U1,1,0,0.7801,183,3.8156,0.4549,27.8571,22,4.1905,1319.4303,1306.4301,-4,31.0633,79,0.4317,4,2,4,0,2,2,1,2,2,3,1,4,2,1,4,0,2,1,5,0,42,15,13,19,10,3,7,0.429,32,8,26,21,10
A0A7L7S5U1_2_4_1,A0A7L7S5U1,2,0,0.9543,169,3.7745,0.4483,29.8108,21,4.4054,1019.858,911.3029,-4,29.1034,58,0.3432,2,3,4,0,2,1,1,2,2,2,0,3,2,0,5,0,2,1,5,0,37,15,11,16,10,3,7,0.429,27,8,23,16,7
A0A7L7S5U1_3_5_2,A0A7L7S5U1,3,0,0.9402,104,3.7798,0.4383,23.8636,15,4.6364,545.2946,156.7715,-2,38.0,43,0.4135,0,1,2,0,0,1,1,1,0,2,0,2,2,0,3,0,2,0,5,0,22,11,7,7,8,3,5,0.6,14,4,12,10,3
A0A7L7T499_1_5_1,A0A7L7T499,1,0,0.8675,198,3.8778,0.4287,9.55,30,4.2,1318.6821,917.137,-1,33.5,64,0.3232,3,1,0,0,0,2,2,1,3,5,1,2,3,0,4,0,4,3,4,2,40,17,17,10,13,6,7,0.857,27,6,19,21,9
A0A7L7T499_2_3_1,A0A7L7T499,2,0,0.9904,169,3.8691,0.4701,11.1111,28,4.25,973.6847,445.6258,-1,34.5763,59,0.3491,2,0,0,0,0,2,1,0,2,6,1,2,3,0,4,0,4,3,4,2,36,15,17,8,11,5,6,0.833,25,6,16,20,8
A0A7L7T499_3_4_3,A0A7L7T499,3,0,0.8742,110,3.8952,0.4975,15.8519,21,4.4074,650.2782,204.4412,0,36.2927,41,0.3727,2,0,0,0,0,2,1,0,2,4,0,1,3,0,3,0,3,3,2,1,27,11,13,6,8,4,4,1.0,19,5,13,13,6
A0A7L7TAQ2_1_2_1,A0A7L7TAQ2,1,0,0.946,222,3.897,0.4734,9.1951,31,4.1463,1366.0433,854.307,-1,27.8507,67,0.3018,3,1,0,0,0,2,2,1,3,6,1,2,3,0,4,0,4,3,4,2,41,17,18,10,13,6,7,0.857,28,6,19,22,10
A0A7L7TAQ2_2_4_4,A0A7L7TAQ2,2,0,0.8105,106,3.9284,0.4861,15.8519,21,4.4074,622.3338,190.2548,0,41.0222,45,0.4245,2,0,0,0,0,2,1,0,2,4,0,1,3,0,3,0,3,3,2,1,27,11,13,6,8,4,4,1.0,19,5,13,13,6
A0A7L7TAQ2_3_3_1,A0A7L7TAQ2,3,0,0.9803,162,3.8898,0.4635,11.1111,28,4.25,1068.0841,490.0284,-1,29.0417,48,0.2963,2,0,0,0,0,2,1,0,2,6,1,2,3,0,4,0,4,3,4,2,36,15,17,8,11,5,6,0.833,25,6,16,20,8
A7IZZ1_1_3_1,A7IZZ1,1,1,0.0102,97,3.859,0.4476,10.2222,20,4.3333,593.6863,211.9245,-2,9.0,10,0.1031,1,1,3,0,0,0,1,0,2,1,0,1,1,0,3,2,3,0,6,2,27,17,6,7,14,6,8,0.75,13,5,15,12,3
A7IZZ1_2_4_2,A7IZZ1,2,1,0.1489,96,3.9681,0.515,17.8261,17,4.6087,491.3545,123.1898,1,24.2308,26,0.2708,1,0,3,0,0,1,1,0,1,1,0,1,1,0,2,2,3,0,4,2,23,13,6,6,11,6,5,1.2,12,5,14,9,2
A7IZZ1_3_2_1,A7IZZ1,3,1,0.0735,125,3.7838,0.4424,15.8276,21,4.5517,713.6147,265.586,1,12.4167,24,0.192,1,1,3,0,1,1,1,0,2,1,0,1,1,0,2,3,4,0,5,2,29,17,6,8,15,8,7,1.143,14,7,17,11,3
ATY48639_1_3_6,ATY48639,1,0,0.0468,74,4.0202,0.4485,25.625,17,4.875,607.3062,134.5598,-1,24.0,25,0.3378,0,1,1,0,2,2,1,0,2,2,0,1,2,0,2,0,3,1,3,1,24,11,8,7,9,4,5,0.8,15,6,13,9,3
ATY48639_2_4_1,ATY48639,2,0,0.7493,94,3.8293,0.4123,25.7,21,4.8667,664.8399,219.0671,-1,17.6571,35,0.3723,0,2,1,0,2,2,1,0,2,3,0,2,2,0,4,0,4,1,4,0,30,15,10,9,11,5,6,0.833,19,8,16,12,5
ATY48639_3_5_1,ATY48639,3,0,0.1661,110,3.8885,0.4367,20.9375,23,4.625,802.8745,445.319,-4,24.4706,34,0.3091,1,1,1,0,2,2,1,0,2,3,0,1,3,0,4,0,3,1,6,1,32,16,11,9,12,4,8,0.5,20,8,17,14,5
B0F4G4_1_1_1,B0F4G4,1,1,0.9837,119,3.807,0.4501,18.5833,18,4.625,583.2131,168.0369,-2,28.8205,39,0.3277,0,1,1,1,1,1,1,0,2,2,0,0,2,0,3,1,2,1,4,1,24,13,8,6,10,4,6,0.667,14,6,13,9,3
B0F4G4_2_2_1,B0F4G4,2,1,0.8467,128,3.8438,0.4635,18.5833,18,4.625,591.4824,171.5877,-2,30.2857,42,0.3281,0,1,1,1,1,1,1,0,2,2,0,0,2,0,3,1,2,1,4,1,24,13,8,6,10,4,6,0.667,14,6,13,9,3
B0F4G4_3_3_1,B0F4G4,3,1,0.0806,148,3.9269,0.4445,6.8235,27,4.2353,932.1774,436.676,-2,18.6857,35,0.2365,2,0,1,1,0,1,1,0,3,3,0,1,2,0,3,1,4,3,5,3,34,17,13,7,14,6,8,0.75,20,5,16,17,5
B1NA83_1_5_1,B1NA83,1,0,0.8511,152,3.9772,0.4543,19.8684,24,4.1579,1261.7135,742.6146,-4,19.6098,41,0.2697,2,1,1,2,1,0,2,2,2,4,0,2,4,1,4,0,2,0,6,2,38,17,13,13,12,4,8,0.5,26,5,22,18,8
B1NA83_2_3_1,B1NA83,2,0,0.9494,98,3.857,0.4485,23.2222,16,4.2222,642.1663,236.3894,-5,33.3171,41,0.4184,1,1,1,1,1,0,0,1,2,2,0,2,3,1,3,0,2,0,5,1,27,13,8,10,9,2,7,0.286,18,4,15,13,5
B1NA83_3_4_1,B1NA83,3,0,0.9647,92,3.8842,0.4452,26.6154,16,4.5769,589.7491,205.0894,-3,33.9474,38,0.413,0,0,1,2,1,0,1,1,2,2,0,2,3,1,3,0,2,0,4,1,26,13,8,9,9,3,6,0.5,17,4,15,10,3
B1NA84_1_3_1,B1NA84,1,0,0.9136,126,3.7751,0.4285,23.8276,19,4.5172,720.2431,290.8098,-4,36.2979,47,0.373,1,1,1,1,1,1,1,1,1,2,0,2,3,0,4,0,2,0,6,1,29,14,9,10,10,3,7,0.429,19,6,17,13,4
B1NA84_2_5_1,B1NA84,2,0,0.5408,182,3.8736,0.4334,15.8378,28,4.2703,1246.3206,902.4772,-3,31.3061,49,0.2692,1,0,1,0,1,1,1,4,1,4,0,3,3,0,4,2,2,0,7,2,37,17,15,9,13,5,8,0.625,24,8,19,17,5
B1NA84_3_2_3,B1NA84,3,0,0.2567,126,3.9177,0.434,19.7419,20,4.1935,865.8475,390.1417,-4,31.7222,36,0.2857,3,1,1,0,1,1,1,1,1,3,0,2,3,0,4,0,2,0,6,1,31,14,10,11,10,3,7,0.429,21,6,18,16,7
B6F137_1_3_1,B6F137,1,0,0.1225,117,3.7401,0.4252,9.3103,22,4.3448,669.6622,263.8009,-6,16.9231,26,0.2222,1,2,1,0,1,2,1,0,3,2,0,0,2,0,2,0,3,0,7,2,29,16,8,7,14,4,10,0.4,15,5,14,14,5
B6F137_2_4_1,B6F137,2,0,0.7526,111,3.8703,0.461,7.875,18,4.375,584.6584,155.5955,-4,31.0,32,0.2883,1,2,1,0,1,1,1,0,3,1,0,0,1,0,2,0,3,0,5,2,24,14,6,6,12,4,8,0.5,12,4,12,11,4
B6F137_3_5_1,B6F137,3,0,0.1966,120,3.8393,0.4545,9.8214,21,4.4286,648.7725,249.1355,-6,18.2308,26,0.2167,1,2,1,0,1,2,1,0,3,1,0,0,2,0,2,0,3,0,7,2,28,16,7,7,14,4,10,0.4,14,5,14,13,4
C0KWV5_1_1_1,C0KWV5,1,0,0.9715,101,3.8558,0.4449,23.963,17,4.4074,642.7019,233.2473,-4,28.875,32,0.3168,1,2,1,0,1,1,1,0,2,1,0,2,3,0,3,0,2,0,5,2,27,13,7,10,10,3,7,0.429,17,5,17,13,4
C0KWV5_2_4_16,C0KWV5,2,0,0.014,42,3.9808,0.5175,69.0909,3,4.4545,247.6343,15.3554,0,29.0,30,0.7143,1,1,1,0,0,1,0,0,0,0,0,2,3,0,1,0,0,0,0,1,11,1,3,8,0,0,0,0.0,11,2,11,5,2
C0KWV5_3_3_1,C0KWV5,3,0,0.0234,175,4.0187,0.4788,15.5946,25,4.2973,1485.7355,755.1273,-1,27.2222,54,0.3086,3,1,1,1,1,1,2,1,3,3,0,2,3,0,3,0,4,2,4,2,37,16,12,12,13,6,7,0.857,24,5,20,17,7
C0KWV7_1_4_1,C0KWV7,1,0,0.05,234,3.9085,0.4447,22.7619,27,4.4524,1532.9905,1138.8369,-3,23.4203,69,0.2949,3,2,1,1,2,1,1,1,3,2,0,3,3,0,6,0,4,2,5,2,42,19,14,15,13,5,8,0.625,29,9,25,19,7
C0KWV7_2_1_1,C0KWV7,2,0,0.0034,65,3.7216,0.3959,8.05,16,4.5,451.5639,106.8911,-4,4.0,9,0.1385,0,1,0,0,1,0,1,0,2,1,0,0,2,0,3,0,2,0,5,2,20,13,6,4,10,3,7,0.429,10,4,10,9,2
C0KWV7_3_2_18,C0KWV7,3,0,0.0276,40,3.9954,0.4939,69.0909,3,4.4545,261.3746,21.7551,0,26.0,27,0.675,1,1,1,0,0,1,0,0,0,0,0,2,3,0,1,0,0,0,0,1,11,1,3,8,0,0,0,0.0,11,2,11,5,2
C0KY88_1_4_1,C0KY88,1,0,0.5564,118,3.7483,0.4149,18.1724,19,4.3448,652.9963,283.3162,-3,17.2727,33,0.2797,2,2,2,0,1,1,1,0,2,1,0,1,2,0,3,0,3,1,5,2,29,14,8,10,11,4,7,0.571,18,5,17,14,5
C0KY88_2_3_9,C0KY88,2,0,0.0172,246,3.9288,0.4548,19.561,27,4.2683,1716.0486,1044.1284,-3,27.2055,73,0.2967,4,3,2,0,1,2,1,0,3,2,0,2,2,0,5,0,4,2,5,3,41,18,14,14,13,5,8,0.625,28,8,25,21,9
C0KY88_3_5_2,C0KY88,3,0,0.5787,227,3.9149,0.4607,18.6829,27,4.3415,1656.7546,1117.7874,-2,26.9714,70,0.3084,4,3,2,0,1,2,2,0,3,2,0,2,2,0,5,0,4,2,5,2,41,19,13,14,14,6,8,0.75,27,8,25,20,9
C0PPR1_1_4_1,C0PPR1,1,0,0.2456,106,3.8321,0.4623,17.3226,20,4.0968,617.6586,242.3018,-3,29.0323,31,0.2925,4,0,1,0,4,0,0,0,2,3,0,0,2,0,3,1,3,0,5,3,31,14,9,11,11,4,7,0.571,20,8,18,15,7
C0PPR1_2_2_1,C0PPR1,2,0,0.0185,220,3.9022,0.48,21.8478,30,4.3043,1666.3171,1772.3765,2,26.7945,73,0.3318,4,3,1,0,4,1,0,0,3,5,0,1,3,0,5,3,6,1,4,2,46,21,14,16,16,9,7,1.286,30,13,27,20,12
C0PPR1_3_5_5,C0PPR1,3,0,0.5538,91,3.833,0.442,23.25,15,4.3333,480.1926,104.3739,-1,29.7419,31,0.3407,3,0,1,0,4,0,0,0,1,3,0,0,1,0,3,0,3,0,3,2,24,10,8,9,7,3,4,0.75,17,7,14,11,6
D4N3A0_1_2_47,D4N3A0,1,0,0.0034,147,3.9284,0.4373,12.8824,24,4.4118,1562.9218,821.4893,-4,18.4138,29,0.1973,3,1,1,1,1,1,2,1,2,3,0,1,2,0,5,0,3,0,7,0,34,19,10,10,14,5,9,0.556,20,7,18,15,7
D4N3A0_2_3_2,D4N3A0,2,0,0.9622,87,3.7604,0.4386,31.45,11,4.45,428.0795,68.2607,-3,43.963,54,0.6207,0,1,2,1,0,1,0,1,1,2,1,1,3,0,2,0,1,0,3,0,20,7,6,9,5,1,4,0.25,15,3,11,8,3
D4N3A0_3_4_1,D4N3A0,3,0,0.8901,90,3.8035,0.4494,33.1429,12,4.8095,490.8717,131.4972,0,41.1765,51,0.5667,0,1,2,1,0,1,1,0,0,2,1,1,3,0,3,0,2,0,3,0,21,9,6,9,6,3,3,1.0,15,4,13,8,3
D4N3A1_1_5_27,D4N3A1,1,0,0.648,231,3.8302,0.4351,28.02,28,4.4,2089.8062,1954.4591,-5,22.4048,84,0.3636,4,3,5,2,2,2,2,1,2,3,1,2,3,0,7,1,2,0,8,0,50,22,13,22,15,5,10,0.5,35,12,33,21,10
D4N3A1_2_3_1,D4N3A1,2,0,0.943,82,3.7787,0.4512,38.5556,9,4.5556,404.8986,52.4013,-2,42.4151,53,0.6463,0,1,2,1,0,1,0,0,1,2,1,1,3,0,2,0,1,0,2,0,18,6,5,9,4,1,3,0.333,14,3,11,7,3
D4N3A1_3_4_1,D4N3A1,3,0,0.1691,80,3.8029,0.4493,35.7895,10,4.6842,425.4563,88.8386,-1,33.2195,41,0.5125,0,1,2,1,0,1,0,0,1,2,1,1,3,0,2,0,2,0,2,0,19,7,5,9,5,2,3,0.667,14,3,11,7,3
F2XF93_1_3_1,F2XF93,1,0,0.0427,163,3.8397,0.458,24.7576,22,4.3939,893.6879,456.8868,-3,18.0541,37,0.227,4,1,1,0,3,1,0,0,3,4,0,0,2,0,6,0,3,0,3,2,33,15,13,11,9,3,6,0.5,24,10,20,14,9
F2XF93_2_4_1,F2XF93,2,0,0.0119,95,3.8415,0.4799,16.1111,18,4.1852,573.9647,169.0201,-3,11.4286,14,0.1474,4,0,1,0,3,0,0,0,2,3,0,0,1,0,4,0,3,0,4,2,27,13,9,9,9,3,6,0.5,18,7,15,13,7
F2XF93_3_5_2,F2XF93,3,0,0.0714,146,3.8796,0.468,23.0,22,4.2857,1128.5051,677.0533,3,14.4706,34,0.2329,3,2,2,1,3,0,0,0,1,4,0,1,1,0,4,2,5,1,3,2,35,15,11,13,11,7,4,1.75,24,9,21,16,9
F2XFA6_1_3_1,F2XFA6,1,0,0.062,157,3.8682,0.48,23.2424,22,4.4242,822.2067,385.9255,-4,15.3333,33,0.2102,4,1,1,0,3,1,0,0,3,3,0,0,2,0,6,0,3,0,4,2,33,16,12,11,10,3,7,0.429,23,10,20,14,8
F2XFA6_2_5_1,F2XFA6,2,0,0.0023,184,3.8758,0.469,21.881,29,4.4286,1528.1891,1497.0394,3,12.6087,46,0.25,3,2,1,0,3,1,0,0,3,5,0,1,3,0,5,3,6,1,3,2,42,20,14,13,15,9,6,1.5,27,12,24,17,10
F2XFA6_3_4_1,F2XFA6,3,0,0.0194,121,3.8605,0.4478,23.0,21,4.3871,748.0455,322.1349,-3,9.5238,21,0.1736,4,0,1,0,3,1,0,0,3,4,0,0,2,0,5,0,3,0,3,2,31,14,12,10,9,3,6,0.5,22,9,18,13,8
F8TWD1_1_3_1,F8TWD1,1,0,0.9592,224,3.8037,0.4235,29.0976,21,4.2927,1546.2594,1519.9851,-4,36.1649,97,0.433,4,2,3,0,3,2,1,1,3,2,1,4,2,1,4,1,2,0,5,0,41,17,10,19,12,4,8,0.5,29,10,27,19,9
F8TWD1_2_5_2,F8TWD1,2,0,0.393,258,3.8002,0.424,31.2766,23,4.1489,1850.9675,2128.856,-4,29.3267,101,0.3915,4,3,5,0,3,2,1,1,2,4,1,5,2,1,4,1,2,0,6,0,47,17,12,23,12,4,8,0.5,35,10,31,24,12
F8TWD1_3_4_1,F8TWD1,3,0,0.1946,242,3.8148,0.4447,23.5833,26,4.1458,1833.2411,2125.3613,-3,29.1294,85,0.3512,5,3,3,0,3,2,2,1,3,4,1,4,2,1,4,1,3,0,6,0,48,20,12,21,15,6,9,0.667,33,10,30,24,13
F8TWD2_1_4_1,F8TWD2,1,0,0.8437,91,3.8485,0.437,23.5517,18,4.4483,646.5164,229.4647,-2,22.0833,24,0.2637,1,2,1,2,2,1,1,0,2,1,0,1,2,0,2,0,3,1,4,3,29,12,8,11,10,4,6,0.667,19,5,18,13,4
F8TWD2_2_3_1,F8TWD2,2,0,0.9562,100,3.7663,0.466,24.7241,17,4.3793,676.8452,239.4432,-2,44.44,50,0.5,1,2,2,2,2,1,1,0,2,1,0,1,2,0,1,0,3,1,4,3,29,11,7,12,10,4,6,0.667,19,4,18,13,4
F8TWD2_3_1_1,F8TWD2,3,0,0.9814,131,3.7723,0.4245,23.7561,24,4.439,868.1141,566.0101,-2,17.6667,30,0.229,2,2,3,2,3,1,1,0,3,3,1,2,2,0,3,0,5,0,5,3,41,17,10,17,14,6,8,0.75,27,7,24,18,7
G5CV39_1_4_1,G5CV39,1,0,0.992,150,3.7711,0.4562,17.9062,20,4.0938,1008.6143,545.1905,-5,41.5769,52,0.3467,3,1,2,1,1,1,1,1,3,4,0,3,1,0,3,0,2,0,5,0,32,14,9,12,11,3,8,0.375,21,5,17,16,8
G5CV39_2_3_1,G5CV39,2,0,0.6462,122,3.8576,0.4448,21.8519,17,4.4444,738.4482,316.6016,-4,38.383,47,0.3852,1,1,2,1,1,1,1,1,1,2,0,3,1,0,3,0,2,0,6,0,27,13,7,10,10,3,7,0.429,17,5,15,13,4
G5CV39_3_2_1,G5CV39,3,0,0.0055,319,3.8632,0.4434,18.9841,41,4.2222,3090.666,3943.0012,-4,25.4667,75,0.2351,3,2,5,1,2,2,5,5,4,8,0,5,4,0,4,0,3,2,8,0,63,24,21,22,20,8,12,0.667,43,8,33,28,13
H6UQ81_1_1_1,H6UQ81,1,0,0.043,209,3.8084,0.4198,21.5714,23,4.0476,1667.7667,1741.6754,-4,16.0,57,0.2727,5,3,4,0,2,2,1,1,2,4,1,1,3,0,3,0,3,1,6,0,42,15,11,19,12,4,8,0.5,30,7,24,21,12
H6UQ81_2_2_1,H6UQ81,2,0,0.0002,218,3.8527,0.4587,17.0238,26,4.0952,1837.3135,1923.3568,-4,14.0444,45,0.2064,4,3,3,0,2,1,2,1,2,4,0,1,3,0,4,0,3,2,7,0,42,18,12,16,14,5,9,0.556,28,7,23,21,11
H6UQ81_3_4_2,H6UQ81,3,0,0.0413,48,3.815,0.4839,31.2857,10,5.0,266.2977,29.6095,-1,18.0,19,0.3958,0,0,1,0,0,1,0,0,1,2,0,0,3,0,2,0,2,0,2,0,14,7,5,4,5,2,3,0.667,9,3,7,4,2
H6WBC5_1_3_1,H6WBC5,1,0,0.9068,84,3.8183,0.4845,34.1667,11,4.5556,392.1319,59.5918,-3,41.3191,47,0.5595,0,0,1,0,0,1,0,1,1,2,0,3,3,0,2,0,1,0,3,0,18,7,6,7,5,1,4,0.25,13,3,10,8,2
H6WBC5_2_5_4,H6WBC5,2,0,0.8244,98,3.7985,0.4436,29.5455,14,4.5909,560.6457,165.0549,-3,42.9583,48,0.4898,0,1,1,0,0,1,0,1,1,2,0,3,3,0,3,0,2,0,4,0,22,10,7,8,7,2,5,0.4,15,4,12,10,3
H6WBC5_3_4_1,H6WBC5,3,0,0.9874,177,3.7848,0.43,31.2973,19,4.1351,1191.7683,1063.6266,-4,31.9655,58,0.3277,3,3,3,0,2,1,0,1,1,3,0,4,3,0,4,1,2,0,6,0,37,14,9,18,10,3,7,0.429,27,8,24,19,9
J7HWK5_1_3_3,J7HWK5,1,0,0.9742,112,3.7917,0.4429,25.5833,15,4.2917,593.8051,186.8232,-3,48.4138,58,0.5179,1,1,2,0,0,1,0,1,0,2,0,4,1,0,3,0,2,0,5,1,24,10,8,9,7,2,5,0.4,17,4,14,14,4
J7HWK5_2_4_1,J7HWK5,2,0,0.994,254,3.8296,0.4516,25.4231,30,4.1346,1704.8113,2039.9055,-5,39.4894,94,0.3701,5,3,4,0,2,2,2,1,3,5,1,5,1,1,7,0,2,0,6,2,52,21,18,21,13,4,9,0.444,39,11,34,28,14
J7HWK5_3_2_1,J7HWK5,3,0,0.9333,151,3.8326,0.455,14.8065,21,4.129,849.1702,443.6243,-5,39.8462,52,0.3444,3,1,1,0,1,1,1,1,2,3,0,3,1,0,4,0,2,0,6,1,31,15,10,10,11,3,8,0.375,20,6,17,17,7
O04806_1_3_1,O04806,1,1,0.3406,173,3.8388,0.4427,17.8889,26,4.4722,998.8483,693.9213,-1,21.2273,44,0.2543,2,1,1,1,1,1,1,0,2,3,0,1,3,0,5,1,4,2,5,2,36,18,13,10,13,6,7,0.857,23,8,20,16,6
O04806_2_5_1,O04806,2,1,0.9698,177,3.8561,0.4587,18.0625,24,4.6875,829.3617,339.767,-1,38.7059,51,0.2881,1,1,1,1,1,1,1,0,2,2,0,1,2,0,5,1,4,1,5,2,32,18,11,8,13,6,7,0.857,19,8,18,13,4
O04806_3_1_1,O04806,3,1,0.5609,108,3.8206,0.4558,18.5833,18,4.625,555.2366,147.5888,-2,18.2308,26,0.2407,0,1,1,1,1,1,1,0,2,2,0,0,2,0,3,1,2,1,4,1,24,13,8,6,10,4,6,0.667,14,6,13,9,3
P0CV94_1_3_2,P0CV94,1,0,0.9486,76,3.7872,0.4554,22.0476,14,4.4762,429.617,86.66,-4,33.9474,38,0.5,0,0,2,0,0,1,0,1,2,2,0,3,1,1,2,0,2,0,4,0,21,11,7,6,8,2,6,0.333,13,3,10,10,3
P0CV94_2_5_1,P0CV94,2,0,0.9669,197,3.7614,0.4224,30.3421,19,4.3421,1313.4343,1120.6537,-2,30.8537,82,0.4162,3,3,5,0,2,2,1,1,2,2,1,4,1,0,3,0,3,1,4,0,38,13,9,19,10,4,6,0.667,28,7,24,18,8
P0CV94_3_4_2,P0CV94,3,0,0.9846,116,3.7921,0.4589,22.08,16,4.48,630.8025,176.1297,-1,43.12,50,0.431,1,1,2,0,0,1,2,1,1,2,0,3,1,1,3,0,2,0,4,0,25,13,8,8,9,4,5,0.8,16,4,15,12,5
P0CV95_1_3_1,P0CV95,1,0,0.9789,98,3.7455,0.4504,21.0455,14,4.3182,543.4548,152.1139,-4,39.2889,45,0.4592,1,0,2,0,0,1,0,1,2,2,0,3,1,1,2,0,2,0,4,0,22,11,7,7,8,2,6,0.333,14,3,11,11,4
P0CV95_2_2_3,P0CV95,2,0,0.9131,130,3.8455,0.4291,19.4688,19,4.0625,975.0711,461.2643,-4,35.4762,42,0.3231,4,1,2,0,1,1,1,1,1,3,0,3,1,1,4,0,2,0,6,0,32,15,10,12,10,3,7,0.429,22,6,19,18,9
P0CV95_3_5_1,P0CV95,3,0,0.8703,255,3.8575,0.4304,22.587,26,4.1522,1664.9391,1501.4263,-5,31.4222,90,0.3529,4,2,5,0,2,2,1,2,2,4,1,4,1,1,4,0,3,1,7,0,46,18,14,19,13,4,9,0.444,33,8,26,24,11
Q1XBU5_1_4_2,Q1XBU5,1,0,0.1072,139,3.8624,0.4528,21.9706,23,4.6471,1069.3369,582.9377,-2,17.9535,43,0.3094,1,1,0,1,1,1,1,0,3,2,0,2,5,0,4,1,4,1,5,1,34,18,9,11,14,6,8,0.75,20,7,19,13,4
Q1XBU5_2_3_21,Q1XBU5,2,0,0.0363,142,3.9858,0.4513,23.7812,21,4.625,1226.354,459.7413,-2,20.913,46,0.3239,1,0,0,1,1,1,1,0,3,3,0,3,5,0,3,0,4,1,4,1,32,15,9,11,12,5,7,0.714,20,5,17,13,4
Q1XBU5_3_1_1,Q1XBU5,3,0,0.5594,108,3.8762,0.4428,28.3448,19,4.6897,824.4991,287.6515,-4,20.2778,36,0.3333,0,1,0,1,1,1,1,0,3,2,0,2,5,0,4,0,2,1,4,1,29,14,9,10,10,3,7,0.429,19,6,17,11,3
Q20HU7_1_5_2,Q20HU7,1,1,0.114,121,3.8739,0.4272,24.2258,20,4.3226,867.0438,375.9156,-3,21.6364,44,0.3636,1,3,3,0,1,1,0,0,2,4,0,0,1,2,5,0,3,1,4,0,31,16,13,9,9,3,6,0.5,22,7,17,15,10
Q20HU7_2_4_8,Q20HU7,2,1,0.0089,66,4.0318,0.5226,37.7778,10,4.2778,462.3633,85.4846,0,18.1,20,0.303,1,2,3,0,1,0,0,0,0,2,0,0,0,1,4,0,1,1,1,1,18,7,9,7,2,1,1,1.0,16,5,13,9,6
Q20HU7_3_3_1,Q20HU7,3,1,0.113,150,3.9367,0.5042,25.8,19,4.4333,924.8664,403.6069,-3,14.2424,33,0.22,1,3,3,0,1,1,0,0,2,2,0,0,1,2,5,0,3,1,4,1,30,16,12,9,9,3,6,0.5,21,7,18,14,8
Q2XSC5_1_5_7,Q2XSC5,1,0,0.0102,162,3.9719,0.4516,5.3824,27,4.4412,1416.6522,742.7701,-4,18.6667,42,0.2593,2,0,0,1,1,1,1,0,4,2,0,0,3,0,3,0,5,2,6,3,34,19,11,7,16,6,10,0.6,18,5,15,15,4
Q2XSC5_2_1_2,Q2XSC5,2,0,0.0042,64,3.7703,0.3998,7.1,17,4.6,408.8317,97.7475,-4,4.8,10,0.1562,0,1,0,0,0,0,1,0,2,0,0,0,2,0,4,0,2,0,5,3,20,14,7,3,10,3,7,0.429,10,4,11,9,1
Q2XSC5_3_2_11,Q2XSC5,3,0,0.0807,39,3.9307,0.4869,69.0909,3,4.4545,250.0971,19.39,0,27.0,28,0.7179,1,1,1,0,0,1,0,0,0,0,0,2,3,0,1,0,0,0,0,1,11,1,3,8,0,0,0,0.0,11,2,11,5,2
Q2XSC6_1_1_1,Q2XSC6,1,1,0.9515,156,3.8337,0.4972,21.0882,24,4.5588,1055.9893,628.9008,-2,21.1429,42,0.2692,1,2,1,0,2,1,2,0,2,2,0,2,2,0,5,0,3,1,5,3,34,17,12,10,12,5,7,0.714,22,8,21,16,5
Q2XSC6_2_3_1,Q2XSC6,2,1,0.9311,158,3.9546,0.5104,19.5294,23,4.3824,1234.3871,614.1068,-1,38.7636,55,0.3481,2,1,2,0,2,1,2,1,2,2,0,2,2,0,3,0,3,2,4,3,34,14,12,11,11,5,6,0.833,23,6,20,16,5
Q2XSC6_3_5_2,Q2XSC6,3,1,0.1856,78,4.0119,0.5587,38.625,10,4.8125,373.0444,55.1411,0,37.0,38,0.4872,0,1,1,0,1,1,0,0,0,1,0,1,2,0,2,0,2,0,2,2,16,6,6,6,4,2,2,1.0,12,4,11,7,2
Q40322_1_1,Q40322,1,1,0.4396,142,3.9703,0.4774,9.5806,24,4.2903,877.9548,396.0584,-3,16.4138,29,0.2042,2,0,1,1,0,1,1,1,3,2,0,1,2,0,3,1,3,1,5,3,31,16,11,7,13,5,8,0.625,18,5,16,14,4
Q40322_2_2_1,Q40322,2,1,0.9086,120,3.817,0.4494,18.5833,18,4.625,588.9077,161.8084,-2,20.3429,35,0.2917,0,1,1,1,1,1,1,0,2,2,0,0,2,0,3,1,2,1,4,1,24,13,8,6,10,4,6,0.667,14,6,13,9,3
Q40322_3_3_1,Q40322,3,1,0.6549,125,3.9094,0.4388,11.5185,22,4.7037,696.4155,211.4486,-1,24.0,29,0.232,0,0,1,1,0,1,1,0,2,2,0,1,2,0,3,1,4,1,5,2,27,16,9,5,13,6,7,0.857,14,5,13,11,2
Q5SBP3_1_3_1,Q5SBP3,1,0,0.3456,220,3.9276,0.4658,29.1905,25,4.5476,1372.6458,1155.5928,-5,29.1351,74,0.3364,3,2,2,3,3,2,0,0,4,1,0,3,1,0,5,0,4,0,5,4,42,18,12,17,13,4,9,0.444,29,10,28,18,6
Q5SBP3_2_5_3,Q5SBP3,2,0,0.6549,52,3.7547,0.4348,56.9333,6,4.4,295.271,37.3761,-1,37.0455,44,0.8462,0,2,1,0,1,1,0,0,0,1,0,2,2,1,2,0,0,0,1,1,15,4,6,8,1,0,1,0.0,14,4,13,8,4
Q5SBP3_3_2_2,Q5SBP3,3,0,0.6316,90,3.8473,0.4734,42.0,11,4.7368,423.4106,101.1292,0,43.6786,56,0.6222,0,2,1,0,1,1,0,0,0,1,0,2,2,0,3,0,2,0,2,2,19,7,7,8,4,2,2,1.0,15,5,14,9,3
Q675L1_1_4_2,Q675L1,1,1,0.0254,140,3.95,0.5181,23.1935,20,4.3871,854.4597,317.7329,-4,15.2121,33,0.2357,1,3,3,0,1,1,0,0,2,2,0,0,1,2,5,0,3,1,5,1,31,17,12,9,10,3,7,0.429,21,7,18,15,8
Q675L1_2_5_1,Q675L1,2,1,0.0119,99,3.9792,0.49,14.6923,17,4.0385,610.4905,173.0744,-3,16.3158,19,0.1919,1,2,3,0,1,0,0,0,1,3,0,0,0,2,3,0,3,1,5,1,26,14,10,7,9,3,6,0.5,17,4,13,15,8
Q675L1_3_3_1,Q675L1,3,1,0.0779,128,3.9542,0.5153,22.3125,21,4.3125,803.9149,363.1709,-4,15.4118,34,0.2656,1,3,3,0,1,1,0,0,2,3,0,0,1,2,5,0,3,1,5,1,32,17,13,9,10,3,7,0.429,22,7,18,16,9
Q675L2_1_3_1,Q675L2,1,0,0.0127,95,3.8484,0.4666,19.8571,18,4.1429,592.4611,175.6369,-1,12.6667,15,0.1579,3,2,1,0,3,0,0,0,1,3,0,0,1,0,4,1,3,0,4,2,28,13,9,10,9,4,5,0.8,19,8,17,14,8
Q675L2_2_5_1,Q675L2,2,0,0.1776,93,3.7457,0.4303,20.0,19,4.1333,550.9102,181.9785,-2,18.8182,22,0.2366,3,2,1,0,3,0,0,0,1,3,0,0,2,0,4,1,3,0,5,2,30,14,9,11,10,4,6,0.667,20,8,18,15,8
Q675L2_3_2_1,Q675L2,3,0,0.012,117,3.8856,0.4736,25.9688,20,4.4375,693.5522,257.34,-4,9.913,23,0.1966,3,2,1,0,3,1,0,0,3,3,0,0,3,0,5,0,3,0,4,1,32,15,10,12,10,3,7,0.429,22,9,19,13,8
Q6F5H2_1_3_1,Q6F5H2,1,1,0.7924,141,3.871,0.4274,22.0606,24,4.6667,910.967,427.5783,-1,19.8919,37,0.2624,0,1,1,0,1,1,1,0,2,2,0,2,4,0,4,1,4,1,5,3,33,17,11,9,13,6,7,0.857,20,7,19,14,3
Q6F5H2_2_4_1,Q6F5H2,2,1,0.4709,162,3.885,0.4504,20.0,27,4.575,1119.3738,826.834,0,16.2609,46,0.284,1,1,1,0,1,1,1,2,2,1,1,3,5,0,4,1,5,2,5,3,40,18,13,13,14,7,7,1.0,26,7,22,17,3
Q6F5H2_3_1_1,Q6F5H2,3,1,0.8615,124,3.7595,0.4306,26.2857,20,4.7143,663.1905,254.9886,-3,19.9459,37,0.2984,0,1,1,0,1,1,1,0,2,1,0,0,5,0,4,1,2,0,5,3,28,15,9,8,11,4,7,0.571,17,7,18,10,2
Q6F5H3_1_4_1,Q6F5H3,1,1,0.8425,152,3.7071,0.4195,18.6053,28,4.6842,889.3106,723.0547,-1,16.2,40,0.2632,1,1,1,0,1,1,1,0,2,2,0,4,2,0,6,2,5,0,7,2,38,23,11,10,17,8,9,0.889,21,10,22,17,4
Q6F5H3_2_3_5,Q6F5H3,2,1,0.0532,78,3.8414,0.4305,18.0833,17,4.5833,520.2,139.8032,-1,17.2,20,0.2564,1,0,1,0,1,1,1,0,2,2,0,2,2,0,2,1,3,0,4,1,24,13,6,7,11,5,6,0.833,13,5,13,10,3
Q6F5H3_3_5_3,Q6F5H3,3,1,0.1088,81,3.8126,0.4131,18.0833,17,4.5833,518.6489,161.7279,-1,23.0,24,0.2963,1,0,1,0,1,1,1,0,2,2,0,2,2,0,2,1,3,0,4,1,24,13,6,7,11,5,6,0.833,13,5,13,10,3
Q6ZH94_1_3_2,Q6ZH94,1,0,0.9593,183,3.8215,0.4551,11.8421,23,4.0,1313.8242,1017.8976,-4,39.5211,71,0.388,4,2,1,1,1,1,2,1,3,3,1,5,0,0,3,0,3,0,6,1,38,17,9,15,14,5,9,0.556,24,5,21,22,9
Q6ZH94_2_5_2,Q6ZH94,2,0,0.7542,61,3.832,0.5003,58.875,3,4.1875,314.6076,51.9723,0,53.9649,57,0.9344,1,2,1,1,2,1,0,0,0,1,1,5,0,0,1,0,0,0,0,0,16,1,3,13,0,0,0,0.0,16,4,14,10,4
Q6ZH94_3_4_2,Q6ZH94,3,0,0.9987,198,3.8606,0.4769,32.8718,18,4.2821,1160.3215,795.7534,-4,40.3614,83,0.4192,3,2,4,1,3,2,0,2,2,1,2,6,0,0,3,0,2,0,4,2,39,11,10,21,8,2,6,0.333,31,8,26,20,6
Q84UV0_1_3_1,Q84UV0,1,0,0.8385,185,3.8425,0.4546,25.8462,24,4.4103,1400.0419,1144.4824,-6,28.2623,61,0.3297,2,1,3,0,2,1,1,1,3,2,0,4,3,0,5,0,2,2,6,1,39,17,12,15,12,3,9,0.333,27,8,23,18,5
Q84UV0_2_4_1,Q84UV0,2,0,0.9253,239,3.8106,0.4524,30.2222,24,4.2889,1551.347,1509.549,-7,33.6744,86,0.3598,4,2,4,0,2,2,0,1,3,2,1,4,3,1,6,0,2,1,6,1,45,18,14,20,11,2,9,0.222,34,10,29,22,9
Q84UV0_3_2_1,Q84UV0,3,0,0.3159,158,3.8897,0.4366,13.5588,23,4.1176,1158.1268,623.3238,-5,33.4667,45,0.2848,3,1,1,0,0,1,2,1,2,4,0,3,3,0,4,0,2,0,7,0,34,17,10,11,13,4,9,0.444,21,5,18,18,8
Q8H2B4_1_1_1,Q8H2B4,1,0,0.262,160,3.814,0.4317,21.4722,24,4.5278,1004.1808,563.8247,-3,24.0816,49,0.3063,2,2,1,1,1,1,1,0,3,1,0,2,3,0,5,0,4,1,5,3,36,18,11,12,13,5,8,0.625,23,7,22,16,5
Q8H2B4_2_5_43,Q8H2B4,2,0,0.0009,101,3.9792,0.4604,5.2692,21,4.6538,885.0594,325.2555,0,6.2667,15,0.1485,0,0,0,0,1,0,1,1,2,0,1,1,2,0,3,1,4,2,4,3,26,15,9,5,12,6,6,1.0,14,5,12,11,0
Q8H2B4_3_4_11,Q8H2B4,3,0,0.1481,39,3.9915,0.479,69.0909,3,4.4545,234.7671,12.9837,0,26.0,27,0.6923,1,1,1,0,0,1,0,0,0,0,0,2,3,0,1,0,0,0,0,1,11,1,3,8,0,0,0,0.0,11,2,11,5,2
Q8L5K1_1_5_1,Q8L5K1,1,1,0.4388,89,3.9661,0.4716,22.8261,17,4.6957,491.6222,86.66,-2,21.9167,24,0.2697,0,0,1,0,1,1,1,0,2,1,0,0,4,0,2,1,2,0,4,3,23,12,7,6,10,4,6,0.667,13,5,14,8,1
Q8L5K1_2_3_1,Q8L5K1,2,1,0.5998,127,3.8727,0.4254,19.0,23,4.6129,846.8154,312.088,-1,16.4242,33,0.2598,0,1,1,0,1,1,1,0,2,2,0,1,4,0,3,1,4,1,5,3,31,16,10,8,13,6,7,0.857,18,6,17,13,3
Q8L5K1_3_4_1,Q8L5K1,3,1,0.3447,131,3.8004,0.4322,24.1034,21,4.7586,705.5122,260.5072,-2,17.5625,32,0.2443,0,1,1,0,1,1,1,0,2,1,0,1,4,0,4,1,3,0,5,3,29,16,9,8,12,5,7,0.714,17,7,18,11,2
Q8L5K3_1_3_1,Q8L5K3,1,1,0.4308,131,3.9007,0.4313,18.0938,24,4.5938,880.0097,313.2303,-1,19.0857,35,0.2672,0,1,1,0,1,1,1,1,2,2,0,1,4,0,3,1,4,1,5,3,32,16,11,8,13,6,7,0.857,19,6,17,13,3
Q8L5K3_2_4_1,Q8L5K3,2,1,0.2876,141,3.9524,0.4836,16.7353,25,4.4706,1149.4724,668.8514,-1,18.6341,41,0.2908,1,1,1,0,1,1,1,2,2,2,0,1,4,0,3,1,4,1,5,3,34,16,12,9,13,6,7,0.857,21,6,18,14,4
Q8L5K3_3_2_1,Q8L5K3,3,1,0.5464,175,3.7874,0.4235,22.8333,26,4.6389,1120.1729,593.1494,-1,14.9032,31,0.1771,0,2,1,0,1,1,1,1,2,2,0,2,4,0,5,1,4,1,5,3,36,18,13,10,13,6,7,0.857,23,8,21,15,4
Q940E7_1_3_1,Q940E7,1,1,0.1792,140,3.9872,0.4769,13.2424,25,4.2727,943.3145,428.8784,-1,23.8,40,0.2857,2,0,2,0,0,1,1,0,3,4,0,2,2,0,3,1,4,1,4,3,33,16,12,8,13,6,7,0.857,20,5,17,16,6
Q940E7_2_2_6,Q940E7,2,1,0.1224,77,4.0584,0.5157,33.8333,12,4.7222,395.1914,51.0431,0,23.92,25,0.3247,0,0,2,0,0,1,0,0,1,2,0,2,2,0,2,1,2,0,2,1,18,8,6,6,6,3,3,1.0,12,4,11,7,2
Q940E7_3_1_1,Q940E7,3,1,0.6229,91,3.9982,0.4769,20.2273,16,4.5909,458.159,88.3196,-2,25.7778,27,0.2967,0,0,2,0,0,1,1,0,2,2,0,2,2,0,2,1,2,0,4,1,22,12,6,6,10,4,6,0.667,12,4,12,9,2
Q96376_1_2_2,Q96376,1,0,0.9309,170,3.9161,0.4724,28.1818,18,4.5152,1153.3599,551.2812,-1,33.75,72,0.4235,1,2,0,1,6,1,3,0,3,2,0,1,3,1,1,0,2,2,3,1,33,13,8,14,11,5,6,0.833,22,8,21,13,6
Q96376_2_4_1,Q96376,2,0,0.8932,166,3.9443,0.4522,27.3529,18,4.4118,1061.3966,495.2115,-1,37.0685,73,0.4398,2,2,0,1,6,1,3,0,3,2,0,1,3,1,1,0,2,2,3,1,34,13,8,15,11,5,6,0.833,23,8,22,14,7
Q96376_3_3_11,Q96376,3,0,0.71,109,3.9804,0.4609,21.2692,15,4.3846,671.6938,163.8238,-2,42.9583,48,0.4404,0,1,0,1,5,0,2,0,3,2,0,1,2,1,0,0,2,2,3,1,26,11,6,10,10,4,6,0.667,16,5,14,11,4
Q9AXM7_1_3_1,Q9AXM7,1,1,0.4123,159,3.8468,0.4564,13.6364,25,4.3939,935.9306,549.5903,0,24.3404,47,0.2956,2,1,1,1,0,1,1,1,2,3,0,0,3,0,4,1,4,2,4,2,33,16,13,8,12,6,6,1.0,21,6,17,14,6
Q9AXM7_2_5_1,Q9AXM7,2,1,0.6768,115,3.9098,0.4699,6.4,20,4.48,630.366,215.6864,-3,33.5429,35,0.3043,1,0,1,1,0,1,1,0,3,1,0,0,2,0,2,1,3,1,5,2,25,15,7,5,13,5,8,0.625,12,4,12,10,2
Q9AXM7_3_1_1,Q9AXM7,3,1,0.3225,114,3.7991,0.4573,18.5833,18,4.625,571.7071,151.0211,-2,16.3333,24,0.2105,0,1,1,1,1,1,1,0,2,2,0,0,2,0,3,1,2,1,4,1,24,13,8,6,10,4,6,0.667,14,6,13,9,3
Q9FUW5_1_1_1,Q9FUW5,1,1,0.8062,128,3.8594,0.4325,21.0345,22,4.6897,675.6043,288.2145,-2,19.697,33,0.2578,0,0,2,0,1,1,1,0,2,3,0,2,2,0,4,1,3,0,5,2,29,16,10,7,12,5,7,0.714,17,7,16,12,3
Q9FUW5_2_2_1,Q9FUW5,2,1,0.7871,92,3.9754,0.496,20.2273,16,4.5909,511.9463,101.4207,-2,30.6875,32,0.3478,0,0,2,0,0,1,1,0,2,2,0,2,2,0,2,1,2,0,4,1,22,12,6,6,10,4,6,0.667,12,4,12,9,2
Q9FUW5_3_3_1,Q9FUW5,3,1,0.5355,181,3.9039,0.4548,18.9744,28,4.5385,1113.6246,726.6983,-1,25.5357,56,0.3094,2,0,2,1,1,1,2,0,3,3,0,3,2,0,5,1,4,1,5,3,39,20,13,11,15,7,8,0.875,24,8,23,17,5
Q9M5A4_1_2_1,Q9M5A4,1,1,0.8711,125,3.8178,0.4651,15.5385,20,4.5,641.9244,229.1291,-3,19.5862,29,0.232,0,1,1,1,1,1,1,0,2,2,0,0,2,0,3,1,2,1,5,2,26,14,9,6,11,4,7,0.571,15,6,14,11,3
Q9M5A4_2_3_2,Q9M5A4,2,1,0.649,122,3.9124,0.4655,9.96,21,4.64,613.7342,165.0808,-2,32.4118,34,0.2787,0,0,1,1,0,1,1,0,2,2,0,0,2,0,3,1,3,1,5,2,25,15,9,4,12,5,7,0.714,13,5,12,10,2
Q9M5A4_3_5_1,Q9M5A4,3,1,0.912,121,3.8887,0.4809,12.6923,20,4.5769,678.3105,211.6831,-2,36.8,40,0.3306,1,0,1,1,0,1,1,0,2,1,0,1,2,0,3,1,3,1,5,2,26,15,8,6,12,5,7,0.714,14,5,14,11,2
Q9M7C9_1_2_1,Q9M7C9,1,1,0.2452,166,3.905,0.4892,21.6111,22,4.1667,972.0273,478.8052,-4,16.0,38,0.2289,4,2,3,0,2,1,0,0,3,3,0,0,1,2,5,1,3,0,5,1,36,19,12,12,12,4,8,0.5,24,9,22,17,11
Q9M7C9_2_3_5,Q9M7C9,2,1,0.0048,67,3.9952,0.5542,41.8824,9,4.4118,372.9099,56.9755,1,19.2381,21,0.3134,1,1,3,0,2,0,0,0,0,2,0,0,0,1,3,1,1,0,1,1,17,7,7,7,3,2,1,2.0,14,6,13,7,5
Q9M7C9_3_4_8,Q9M7C9,3,1,0.0056,61,3.9338,0.5467,41.8824,9,4.4118,344.0127,49.4654,1,20.0,21,0.3443,1,1,3,0,2,0,0,0,0,2,0,0,0,1,3,1,1,0,1,1,17,7,7,7,3,2,1,2.0,14,6,13,7,5
Q9SPN0_1_1_4,Q9SPN0,1,0,0.4852,242,3.9597,0.4534,24.7391,28,4.4783,1864.8433,1576.8311,-4,35.8,80,0.3306,2,4,4,1,3,1,2,0,4,2,0,0,4,0,5,0,4,2,6,2,46,21,12,18,16,6,10,0.6,30,9,28,18,8
Q9SPN0_2_3_18,Q9SPN0,2,0,0.2393,228,3.9564,0.4791,26.5111,25,4.2889,1859.2777,1504.0803,-5,28.2278,79,0.3465,3,3,4,1,3,1,1,0,5,3,0,2,4,0,3,0,4,1,5,2,45,18,10,20,15,5,10,0.5,30,7,27,19,9
Q9SPN0_3_4_3,Q9SPN0,3,0,0.3641,95,4.0419,0.4794,25.8077,17,4.5769,643.6296,148.7142,-1,32.9714,35,0.3684,0,2,1,0,2,1,1,0,2,2,0,1,3,0,2,0,3,1,3,2,26,11,8,9,9,4,5,0.8,17,5,15,11,4
Q9SPN1_1_2_22,Q9SPN1,1,0,0.502,280,3.9506,0.4603,19.1667,32,4.3958,2028.9454,1585.4875,-5,43.9626,107,0.3821,0,4,2,2,2,1,2,0,5,4,1,1,4,0,5,0,4,2,6,3,48,22,15,16,17,6,11,0.545,31,8,26,21,8
Q9SPN1_2_4_8,Q9SPN1,2,0,0.4794,35,3.9943,0.4938,78.6364,2,4.6364,203.8782,12.1659,0,34.0,35,1.0,0,2,2,0,2,1,0,0,0,1,0,0,3,0,0,0,0,0,0,0,11,0,2,9,0,0,0,0.0,11,3,10,3,3
Q9SPN1_3_1_8,Q9SPN1,3,0,0.0626,19,3.6302,0.3616,76.8,2,4.6,140.1347,4.1515,0,18.0,19,1.0,0,2,1,0,2,1,0,0,0,1,0,0,3,0,0,0,0,0,0,0,10,0,2,8,0,0,0,0.0,10,3,9,3,3
Q9SW76_1_2_1,Q9SW76,1,1,0.9063,120,3.8265,0.4532,18.5833,18,4.625,586.2366,158.3754,-2,21.5429,35,0.2917,0,1,1,1,1,1,1,0,2,2,0,0,2,0,3,1,2,1,4,1,24,13,8,6,10,4,6,0.667,14,6,13,9,3
Q9SW76_2_1_1,Q9SW76,2,1,0.2683,93,3.8677,0.4798,11.5238,17,4.5714,459.7772,89.7698,-2,28.4,30,0.3226,0,0,1,1,0,1,1,0,2,2,0,0,2,0,2,1,2,1,4,1,21,12,7,4,10,4,6,0.667,11,4,10,8,2
Q9SW76_3_5_1,Q9SW76,3,1,0.7654,158,3.8856,0.4502,6.8235,27,4.2353,994.6617,536.8857,-2,25.4884,43,0.2722,2,0,1,1,0,1,1,0,3,3,0,1,2,0,3,1,4,3,5,3,34,17,13,7,14,6,8,0.75,20,5,16,17,5
R4I6X2_1_3_3,R4I6X2,1,0,0.9851,118,3.8088,0.4459,19.8519,17,4.1852,630.3202,252.4015,-3,51.9344,61,0.5169,2,1,2,0,0,1,1,1,0,2,0,4,1,0,3,0,2,0,6,1,27,12,8,10,9,3,6,0.5,18,4,16,16,5
R4I6X2_2_2_1,R4I6X2,2,0,0.2631,247,3.9059,0.4672,16.9423,32,4.1923,1972.8578,2126.9324,-4,34.1075,93,0.3765,4,2,5,0,2,1,2,3,4,3,1,4,2,0,4,1,4,2,7,1,52,22,14,20,18,7,11,0.636,34,8,28,24,9
R4I6X2_3_4_1,R4I6X2,3,0,0.9995,229,3.8075,0.4514,31.3256,24,4.3721,1455.9738,1391.8464,-5,40.8911,101,0.441,3,3,5,0,2,1,1,1,2,2,0,5,1,0,7,0,2,1,6,1,43,18,13,19,11,3,8,0.375,32,10,29,21,8
R4YVJ5_1_1_1,R4YVJ5,1,1,0.454,119,3.8121,0.4446,9.1143,24,4.1429,1102.584,738.035,-1,15.7419,31,0.2605,4,0,2,2,1,1,2,0,2,3,1,0,1,0,3,1,3,2,5,2,35,16,11,11,13,6,7,0.857,22,6,19,17,7
R4YVJ5_2_3_1,R4YVJ5,2,1,0.1891,91,3.9317,0.4537,13.1667,19,4.6667,548.8926,132.5195,-1,26.0,27,0.2967,0,0,1,2,1,1,1,0,2,2,0,0,1,0,2,1,3,1,4,2,24,13,8,5,11,5,6,0.833,13,5,12,9,2
R4YVJ5_3_2_2,R4YVJ5,3,1,0.4264,77,3.795,0.4336,12.1739,18,4.6087,466.9294,115.0635,-3,20.0,21,0.2727,0,0,1,2,1,1,1,0,2,1,0,0,1,0,2,1,2,1,5,2,23,13,7,5,11,4,7,0.571,12,5,12,9,1
U5PZT6_1_3_1,U5PZT6,1,0,0.817,122,3.9537,0.494,13.3103,23,4.3103,700.5098,243.1544,-1,33.8974,39,0.3197,2,0,0,0,0,2,1,0,2,4,0,1,3,0,3,0,3,3,3,2,29,12,14,6,9,4,5,0.8,20,5,14,15,6
U5PZT6_2_5_1,U5PZT6,2,0,0.8082,217,3.9628,0.4607,11.2381,32,4.119,1416.672,948.0658,0,32.6769,65,0.2995,3,2,0,0,0,2,2,1,3,6,0,2,3,0,4,1,4,3,4,2,42,18,18,10,14,7,7,1.0,28,7,21,22,11
U5PZT6_3_1_1,U5PZT6,3,0,0.9488,147,3.9392,0.4789,12.1892,28,4.1622,968.8184,529.8256,0,21.2683,41,0.2789,3,2,0,0,0,2,2,1,2,4,0,1,3,0,4,1,3,3,4,2,37,16,16,9,12,6,6,1.0,25,7,20,19,9
dinctg000_np1212847_1_3_11,dinctg000_np1212847,1,0,0.0404,259,3.9618,0.4898,22.6042,29,4.2917,2094.9949,1806.1727,-6,30.4419,86,0.332,3,4,2,0,2,2,0,0,4,1,2,3,3,0,6,0,4,1,6,5,48,20,15,19,14,4,10,0.4,34,10,30,25,8
dinctg000_np1212847_2_5_4,dinctg000_np1212847,2,0,0.0715,46,3.8374,0.5633,50.375,7,4.375,416.2877,73.5642,-1,30.1714,35,0.7609,2,2,2,1,1,1,0,0,0,0,0,0,1,0,3,0,0,0,1,2,16,4,6,9,1,0,1,0.0,15,5,15,7,4
dinctg000_np1212847_3_4_1,dinctg000_np1212847,3,0,0.8943,162,3.9699,0.4739,25.7273,22,4.5152,929.5085,437.4273,-5,37.1667,60,0.3704,1,2,2,1,1,1,0,0,3,1,0,2,2,0,5,0,3,0,5,4,33,16,11,11,11,3,8,0.375,22,7,21,15,4
hmoChr44410_1_4_1,hmoChr44410,1,0,0.2038,109,3.7008,0.4064,21.7931,20,4.5517,802.5305,418.6218,-1,14.125,32,0.2936,1,2,1,0,1,1,1,0,2,1,0,2,2,0,4,1,3,1,4,2,29,15,9,9,11,5,6,0.833,18,7,18,13,4
hmoChr44410_2_3_25,hmoChr44410,2,0,0.0195,60,3.8854,0.4809,19.087,17,4.7826,549.0252,131.6423,-2,15.0,16,0.2667,0,0,1,0,1,1,1,0,2,1,0,1,3,0,2,0,3,1,4,2,23,12,7,6,10,4,6,0.667,13,4,12,9,1
hmoChr44410_3_5_2,hmoChr44410,3,0,0.2491,93,3.8415,0.4405,21.2308,19,4.8077,687.3387,257.9336,-1,13.5238,21,0.2258,0,1,1,0,1,1,1,0,2,2,0,1,3,0,3,0,4,0,4,2,26,14,8,7,11,5,6,0.833,15,5,14,10,3
slectg065_np871_1_3_1,slectg065_np871,1,0,0.2051,131,3.8562,0.4166,19.1786,19,4.3929,841.6609,404.2198,-3,23.0,24,0.1832,2,1,2,1,1,1,1,0,1,3,0,0,2,0,4,1,2,0,6,0,28,15,8,9,11,4,7,0.571,17,7,16,12,6
slectg065_np871_2_5_30,slectg065_np871,2,0,0.0037,271,3.9954,0.4593,22.8269,31,4.4038,2320.1838,2082.1726,-7,16.9565,69,0.2546,4,1,4,2,5,2,2,3,4,3,1,2,2,0,5,1,2,1,8,0,52,22,14,21,17,5,12,0.417,35,13,30,20,8
slectg065_np871_3_1_1,slectg065_np871,3,0,0.3014,111,3.9316,0.4403,14.92,19,4.52,659.4433,220.2733,-3,21.0833,24,0.2162,1,0,2,0,1,1,1,1,2,3,0,0,2,0,3,1,2,0,5,0,25,14,8,6,11,4,7,0.571,14,6,12,9,4
slectg127_np665_1_3_9,slectg127_np665,1,0,0.0505,271,3.9623,0.48,27.1522,27,4.3043,2018.1665,1723.1195,-6,31.1209,91,0.3358,4,3,3,1,2,2,0,0,4,1,0,4,2,0,5,0,4,0,6,5,46,19,13,19,14,4,10,0.4,32,9,31,23,8
slectg127_np665_2_5_2,slectg127_np665,2,0,0.8213,105,3.9183,0.4955,32.1739,15,4.9565,530.7532,155.0287,1,36.5,40,0.381,1,2,2,1,1,1,0,0,1,0,0,0,1,0,4,0,4,0,2,3,23,11,8,8,7,4,3,1.333,16,6,16,8,3
slectg127_np665_3_4_1,slectg127_np665,3,0,0.628,214,3.9177,0.4554,29.6,23,4.35,1272.48,971.926,-6,29.5333,60,0.2804,2,3,3,1,2,1,0,0,3,1,0,4,2,0,5,0,3,0,6,4,40,17,11,17,12,3,9,0.333,28,8,27,20,6
slectg240_np1756_1_1_9,slectg240_np1756,1,0,0.0001,282,3.9137,0.4608,21.8571,30,4.4286,2126.3184,2456.7454,-4,20.6441,59,0.2092,4,3,3,0,5,2,4,5,4,2,0,1,3,0,4,0,2,1,6,0,49,20,14,19,16,6,10,0.6,33,11,29,17,9
slectg240_np1756_2_3_6,slectg240_np1756,2,0,0.0449,76,3.8553,0.4289,30.7,13,4.9,477.9227,124.3058,-1,24.0,25,0.3289,0,1,1,1,1,1,1,0,0,2,0,0,3,0,3,0,2,0,4,0,20,10,6,7,7,3,4,0.75,13,5,12,7,3
slectg240_np1756_3_5_27,slectg240_np1756,3,0,0.0023,297,3.8651,0.4327,22.4444,31,4.2963,2181.5002,2659.2229,-4,23.3714,70,0.2357,4,3,3,1,5,2,3,4,2,4,1,3,3,0,4,0,3,1,8,0,54,20,15,23,16,6,10,0.6,38,11,31,24,11
vodctg000225_np551212.245_1_3_2,vodctg000225_np551212.245,1,1,0.11,121,3.7207,0.4181,23.6857,24,4.5714,766.355,376.2439,-2,10.72,25,0.2066,1,3,0,2,3,1,0,0,2,4,0,1,1,0,6,1,4,0,5,1,35,18,12,11,12,5,7,0.714,23,11,20,15,8
vodctg000225_np551212.245_2_2_2,vodctg000225_np551212.245,2,1,0.3115,82,3.8339,0.5005,29.48,16,4.64,554.067,168.2022,-1,27.8667,30,0.3659,1,2,0,2,2,1,0,0,1,3,0,0,2,0,4,0,3,0,3,1,25,11,9,9,7,3,4,0.75,18,7,15,10,6
vodctg000225_np551212.245_3_4_1,vodctg000225_np551212.245,3,1,0.8226,106,3.7782,0.4303,24.8857,23,4.3429,710.2318,317.0381,-3,22.96,25,0.2358,1,3,1,2,2,1,0,0,2,5,0,1,2,0,5,1,3,0,5,1,35,16,12,12,11,4,7,0.571,24,9,20,16,9
vodctg000225_np551212959_1_3_1,vodctg000225_np551212959,1,0,0.7129,148,3.9293,0.4533,21.8108,24,4.2973,1035.5997,408.7667,-1,24.0,33,0.223,1,4,1,1,0,1,1,0,2,3,0,2,4,0,4,1,4,1,5,2,37,17,11,13,13,6,7,0.857,24,6,22,18,8
vodctg000225_np551212959_2_4_1,vodctg000225_np551212959,2,0,0.9969,163,3.8072,0.4359,28.0256,23,4.4359,926.8672,640.2178,1,24.1091,55,0.3374,2,4,1,2,0,1,1,0,2,1,0,3,4,0,5,2,4,1,4,2,39,18,10,16,13,7,6,1.167,26,8,27,17,7
vodctg000225_np551212959_3_2_1,vodctg000225_np551212959,3,0,0.9932,129,3.8791,0.4615,25.7097,19,4.4516,728.1789,247.7455,-1,29.95,40,0.3101,1,4,1,1,0,1,1,0,2,1,0,1,4,0,4,1,3,1,4,1,31,15,8,12,11,5,6,0.833,20,6,20,13,6
vodctg000245_np551212567_1_3_1,vodctg000245_np551212567,1,1,0.138,119,3.7293,0.4168,24.9118,24,4.6471,753.4642,379.6406,-1,13.931,29,0.2437,1,3,0,2,2,1,0,0,2,4,0,1,1,0,7,1,4,0,4,1,34,18,13,10,11,5,6,0.833,23,11,20,14,8
vodctg000245_np551212567_2_5_1,vodctg000245_np551212567,2,1,0.8743,117,3.7944,0.4567,24.6765,23,4.4412,742.3776,360.4935,-3,31.2353,34,0.2906,1,3,1,2,1,1,0,0,2,4,0,1,2,0,6,1,3,0,5,1,34,17,12,11,11,4,7,0.571,23,9,20,15,8
vodctg000245_np551212567_3_4_1,vodctg000245_np551212567,3,1,0.7433,106,3.7692,0.4486,25.697,23,4.4848,692.3262,308.6902,-2,26.875,32,0.3019,1,2,1,2,1,1,0,0,2,5,0,1,2,0,6,1,3,0,4,1,33,16,13,10,10,4,6,0.667,23,9,19,14,8
vraChr51716_1_1_1,vraChr51716,1,1,0.315,135,3.8183,0.4581,9.6364,27,4.4545,733.8479,338.4477,-1,11.75,24,0.1778,1,1,1,1,0,1,1,0,2,3,0,1,1,0,5,1,4,3,5,2,33,18,14,6,13,6,7,0.857,20,7,16,16,5
vraChr51716_2_3_1,vraChr51716,2,1,0.0144,163,3.8632,0.4959,7.5278,29,4.2778,1247.5348,771.7479,-1,12.9375,32,0.1963,1,1,1,1,0,1,2,0,2,5,0,2,1,0,4,1,4,2,6,2,36,19,14,7,15,7,8,0.875,21,6,17,19,7
vraChr51716_3_4_2,vraChr51716,3,1,0.12,96,3.9892,0.4879,11.64,19,4.24,608.6592,177.61,0,14.875,16,0.1667,0,1,2,1,0,1,1,0,1,3,0,1,1,0,1,1,3,2,4,2,25,11,9,6,10,5,5,1.0,15,3,12,13,4
vraChr52544_1_3_1,vraChr52544,1,1,0.2784,164,3.7963,0.4556,20.8649,26,4.3514,985.2661,522.1326,-1,16.1875,32,0.1951,1,4,0,2,1,1,0,0,2,5,0,1,2,0,6,2,4,0,5,1,37,19,13,11,13,6,7,0.857,24,10,21,17,10
vraChr52544_2_4_2,vraChr52544,2,1,0.0681,96,3.7582,0.4167,25.5806,21,4.5161,650.6837,287.1749,-2,18.4,20,0.2083,1,2,0,2,2,1,0,0,2,4,0,1,2,0,5,1,3,0,4,1,31,15,11,10,10,4,6,0.667,21,9,18,13,7
vraChr52544_3_2_2,vraChr52544,3,1,0.2221,97,3.8215,0.4591,23.9,21,4.5333,673.6228,278.4306,-2,28.0667,30,0.3093,1,2,0,2,2,1,0,0,2,4,0,0,2,0,5,1,3,0,4,1,30,15,11,9,10,4,6,0.667,20,9,17,12,7
