Protein,Cyclical,Drug Score,Number of alpha spheres,Mean alpha-sphere radius,Mean alpha-sphere Solvent Acc.,Hydrophobicity Score,Polarity Score,Amino Acid based volume Score,Pocket volume (Monte Carlo),Pocket volume (convex hull),Charge Score,Local hydrophobic density Score,Number of apolar alpha sphere,Proportion of apolar alpha sphere,Glycine - G,Alanine - A,Leucine - L,Methionine - M,Phenylalanine - F,Tryptophan - W,Lysine - K,Glutamine - Q,Glutamic Acid - E,Serine - S,Proline - P,Valine - V,Isoleucine - I,Cysteine - C,Tyrosine - Y,Histidine - H,Arginine - R,Asparagine - N,Aspartic Acid - D,Threonine - T,Number of residues,Ionisable groups,Polar,Non-polar,Charged,Positive charge,Negative charge,Pos-neg charge ratio,Uncharged,Aromatic,Hydrophobic,Small,tiny
A0A059SVB0_L,0,0.9792,146,3.9333,0.4675,29.7419,17,4.4839,864.0712,383.671,-4,52.8615,65,0.4452,4,0,1,0,2,1,0,0,2,1,0,2,5,0,4,0,3,0,5,1,31,14,7,14,10,3,7,0.429,21,7,20,13,5
A0A068B0N9_L,0,0.7401,200,3.7868,0.4519,27.5,22,4.325,1256.1449,741.5287,-2,27.3871,62,0.31,2,4,2,1,3,1,1,1,2,1,0,4,2,0,3,0,4,1,5,3,40,15,10,18,12,5,7,0.714,28,7,26,20,7
A0A097ZLN9_L,0,0.854,124,3.854,0.4861,25.56,15,4.4,616.3616,197.9484,-2,51.8361,61,0.4919,1,2,2,0,1,1,1,1,0,2,0,1,2,1,3,0,2,0,5,0,25,12,8,9,8,3,5,0.6,17,5,15,12,6
A0A097ZLP5_L,0,0.5278,103,3.7941,0.4717,20.1212,23,4.3939,727.3793,365.675,-4,29.5882,34,0.3301,1,1,1,1,2,1,0,0,2,4,0,1,1,2,5,1,3,0,6,1,33,19,13,8,12,4,8,0.5,21,9,18,16,8
A0A097ZLS9_L,0,0.5157,111,3.8636,0.4643,29.4,16,4.68,604.9957,210.266,-1,37.4348,46,0.4144,1,1,1,0,1,1,1,1,0,2,0,3,1,1,5,0,2,0,4,0,25,13,10,8,7,3,4,0.75,18,7,16,12,5
A0A0D3ML99_C,1,0.1683,75,4.0297,0.4824,17.8,16,4.9,486.158,83.7091,1,14,15,0.2,0,0,1,1,0,1,1,0,2,1,0,0,2,0,2,1,3,1,2,2,20,11,7,4,9,5,4,1.25,11,4,11,6,1
A0A0F6PMD0_C,1,0.9707,147,3.8362,0.4371,19.0968,23,4.6129,793.0955,365.6913,-2,31.2195,41,0.2789,1,1,1,1,1,1,1,0,2,2,0,1,2,0,5,1,3,1,5,2,31,17,11,8,12,5,7,0.714,19,8,18,13,4
A0A140KFH3_L,0,0.1202,230,3.8136,0.4193,23.617,27,4.1702,1773.1064,1910.2113,-5,23.6286,70,0.3043,5,2,4,0,2,2,2,2,2,4,1,3,3,0,5,0,2,0,7,1,47,18,14,20,13,4,9,0.444,34,9,29,23,11
A0A1C9J6A7_C,1,0.9244,163,3.8352,0.428,21.5128,28,4.6667,942.209,542.8689,0,19.6842,38,0.2331,2,1,1,0,1,1,1,0,2,1,0,2,4,0,6,2,5,0,6,4,39,22,12,11,16,8,8,1,23,10,25,16,4
A0A1Q1N939_L,0,0.7401,188,3.8657,0.4795,12.2308,27,4.0513,1311.0945,763.8787,-2,31.9062,64,0.3404,2,3,0,0,1,1,1,0,3,5,1,3,2,0,4,0,4,3,4,2,39,16,15,12,12,5,7,0.714,27,6,19,23,10
A0A2R3ZE38_L,0,0.9929,131,3.7811,0.4377,28.7931,17,4.4828,695.2983,275.1301,-4,57.9118,68,0.5191,1,0,4,0,1,1,0,1,1,3,1,4,1,0,4,0,2,0,5,0,29,12,9,12,8,2,6,0.333,21,6,16,14,4
A0A2R3ZE39_L,0,0.9734,117,3.9047,0.4862,20.3438,20,4.4062,754.2134,261.4215,-2,40.8837,43,0.3675,2,1,1,1,2,1,1,0,2,1,0,3,2,0,2,0,4,1,5,3,32,14,8,12,12,5,7,0.714,20,5,19,16,4
A0A345BJ04_L,0,0.0003,289,3.9795,0.457,23.06,30,4.48,2807.8457,2212.8682,-3,27.6346,104,0.3599,1,3,5,1,2,2,1,2,3,4,2,2,4,0,4,1,5,1,7,0,50,21,13,20,17,7,10,0.7,33,9,26,20,8
A0A3G9EWY9_L,0,0.8604,200,3.8474,0.4504,31.7551,22,4.102,1506.58,1592.1613,-1,30.56,75,0.375,6,3,4,3,3,2,2,1,2,3,1,3,3,1,3,1,2,1,4,1,49,15,12,26,11,5,6,0.833,38,9,35,23,13
A0A481YAH7_C,1,0.8309,130,3.857,0.4395,19,23,4.6129,836.6942,331.804,-1,19.2778,36,0.2769,0,1,1,0,1,1,1,0,2,2,0,1,4,0,3,1,4,1,5,3,31,16,10,8,13,6,7,0.857,18,6,17,13,3
A0A4Y5QVX4_C,1,0.0858,112,3.895,0.4368,18.3214,21,4.75,685.64,276.684,0,12,13,0.1161,0,1,3,0,0,1,1,0,2,1,0,1,2,0,3,2,4,0,5,2,28,17,7,7,14,7,7,1,14,6,16,10,2
A0A4Y5QWA6_L,0,0.3096,215,3.8339,0.4142,24.5854,24,4.4634,1580.9282,1166.0514,-1,26.5946,74,0.3442,2,3,2,0,3,2,2,1,2,2,1,3,2,1,4,2,3,0,6,0,41,20,10,16,15,7,8,0.875,26,11,26,18,8
A0A4Y5QZ62_L,0,0.0572,247,3.8278,0.4532,28.4615,29,4.2885,1955.2172,2341.2214,-1,25.3333,78,0.3158,3,3,4,1,3,2,1,1,2,6,1,5,2,1,5,2,4,0,6,0,52,21,15,22,15,7,8,0.875,37,12,32,25,13
A0A5B9G8E4_L,0,0.8159,94,3.8751,0.484,24.1071,17,4.3929,596.6375,204.6937,-1,36.7179,39,0.4149,2,1,1,1,2,1,1,0,1,1,0,2,2,0,2,0,3,1,4,3,28,11,8,11,9,4,5,0.8,19,5,18,14,4
A0A6C0M6B5_L,0,0.7496,118,3.9467,0.5185,11.3333,19,3.9259,759.3454,218.4812,0,31.7222,36,0.3051,2,0,1,0,0,1,1,0,0,3,1,3,1,0,2,1,2,2,4,3,27,10,11,8,8,4,4,1,19,4,15,18,5
A0A6P6W6H5_C,1,0.3549,93,3.9158,0.4433,18.76,19,4.64,557.3467,152.8645,-2,24,25,0.2688,0,0,1,2,1,1,1,0,2,2,0,1,1,0,3,1,2,1,4,2,25,13,9,6,10,4,6,0.667,15,6,14,10,2
A0A7G8EIM4_L,0,0.9402,103,3.8544,0.475,23.9667,18,4.3667,733.0924,237.985,-2,40.8372,43,0.4175,2,1,1,1,2,1,1,0,1,1,0,2,3,0,2,0,3,1,5,3,30,12,8,12,10,4,6,0.667,20,5,19,15,4
A0A7L7S5P2_L,0,0.8288,203,3.9229,0.4575,26.7857,26,4.4762,1547.3108,1455.6395,0,27.375,64,0.3153,1,2,4,0,3,1,2,0,4,1,0,2,2,2,3,1,4,2,3,5,42,19,14,14,14,7,7,1,28,8,28,18,6
A0A7L7S5U1_L,0,0.7801,183,3.8156,0.4549,27.8571,22,4.1905,1319.4303,1306.4301,-4,31.0633,79,0.4317,4,2,4,0,2,2,1,2,2,3,1,4,2,1,4,0,2,1,5,0,42,15,13,19,10,3,7,0.429,32,8,26,21,10
A0A7L7T499_L,0,0.8675,198,3.8778,0.4287,9.55,30,4.2,1318.6821,917.137,-1,33.5,64,0.3232,3,1,0,0,0,2,2,1,3,5,1,2,3,0,4,0,4,3,4,2,40,17,17,10,13,6,7,0.857,27,6,19,21,9
A0A7L7TAQ2_L,0,0.946,222,3.897,0.4734,9.1951,31,4.1463,1366.0433,854.307,-1,27.8507,67,0.3018,3,1,0,0,0,2,2,1,3,6,1,2,3,0,4,0,4,3,4,2,41,17,18,10,13,6,7,0.857,28,6,19,22,10
A7IZZ1_C,1,0.0102,97,3.859,0.4476,10.2222,20,4.3333,593.6863,211.9245,-2,9,10,0.1031,1,1,3,0,0,0,1,0,2,1,0,1,1,0,3,2,3,0,6,2,27,17,6,7,14,6,8,0.75,13,5,15,12,3
ATY48639_L,0,0.0468,74,4.0202,0.4485,25.625,17,4.875,607.3062,134.5598,-1,24,25,0.3378,0,1,1,0,2,2,1,0,2,2,0,1,2,0,2,0,3,1,3,1,24,11,8,7,9,4,5,0.8,15,6,13,9,3
B0F4G4_C,1,0.9837,119,3.807,0.4501,18.5833,18,4.625,583.2131,168.0369,-2,28.8205,39,0.3277,0,1,1,1,1,1,1,0,2,2,0,0,2,0,3,1,2,1,4,1,24,13,8,6,10,4,6,0.667,14,6,13,9,3
B1NA83_L,0,0.8511,152,3.9772,0.4543,19.8684,24,4.1579,1261.7135,742.6146,-4,19.6098,41,0.2697,2,1,1,2,1,0,2,2,2,4,0,2,4,1,4,0,2,0,6,2,38,17,13,13,12,4,8,0.5,26,5,22,18,8
B1NA84_L,0,0.9136,126,3.7751,0.4285,23.8276,19,4.5172,720.2431,290.8098,-4,36.2979,47,0.373,1,1,1,1,1,1,1,1,1,2,0,2,3,0,4,0,2,0,6,1,29,14,9,10,10,3,7,0.429,19,6,17,13,4
B6F137_L,0,0.1225,117,3.7401,0.4252,9.3103,22,4.3448,669.6622,263.8009,-6,16.9231,26,0.2222,1,2,1,0,1,2,1,0,3,2,0,0,2,0,2,0,3,0,7,2,29,16,8,7,14,4,10,0.4,15,5,14,14,5
C0KWV5_L,0,0.9715,101,3.8558,0.4449,23.963,17,4.4074,642.7019,233.2473,-4,28.875,32,0.3168,1,2,1,0,1,1,1,0,2,1,0,2,3,0,3,0,2,0,5,2,27,13,7,10,10,3,7,0.429,17,5,17,13,4
C0KWV7_L,0,0.05,234,3.9085,0.4447,22.7619,27,4.4524,1532.9905,1138.8369,-3,23.4203,69,0.2949,3,2,1,1,2,1,1,1,3,2,0,3,3,0,6,0,4,2,5,2,42,19,14,15,13,5,8,0.625,29,9,25,19,7
C0KY88_L,0,0.5564,118,3.7483,0.4149,18.1724,19,4.3448,652.9963,283.3162,-3,17.2727,33,0.2797,2,2,2,0,1,1,1,0,2,1,0,1,2,0,3,0,3,1,5,2,29,14,8,10,11,4,7,0.571,18,5,17,14,5
C0PPR1_L,0,0.2456,106,3.8321,0.4623,17.3226,20,4.0968,617.6586,242.3018,-3,29.0323,31,0.2925,4,0,1,0,4,0,0,0,2,3,0,0,2,0,3,1,3,0,5,3,31,14,9,11,11,4,7,0.571,20,8,18,15,7
D4N3A0_L,0,0.0034,147,3.9284,0.4373,12.8824,24,4.4118,1562.9218,821.4893,-4,18.4138,29,0.1973,3,1,1,1,1,1,2,1,2,3,0,1,2,0,5,0,3,0,7,0,34,19,10,10,14,5,9,0.556,20,7,18,15,7
D4N3A1_L,0,0.648,231,3.8302,0.4351,28.02,28,4.4,2089.8062,1954.4591,-5,22.4048,84,0.3636,4,3,5,2,2,2,2,1,2,3,1,2,3,0,7,1,2,0,8,0,50,22,13,22,15,5,10,0.5,35,12,33,21,10
D5SL78_L,0,0.1254,64,3.9863,0.4876,50.7222,9,4.7222,437.9078,83.6741,0,30.125,32,0.5,0,0,2,0,2,1,0,0,0,1,0,1,2,2,2,0,1,1,1,2,18,6,9,7,2,1,1,1,16,5,14,8,3
dinctg000_np1212847_L,0,0.0404,259,3.9618,0.4898,22.6042,29,4.2917,2094.9949,1806.1727,-6,30.4419,86,0.332,3,4,2,0,2,2,0,0,4,1,2,3,3,0,6,0,4,1,6,5,48,20,15,19,14,4,10,0.4,34,10,30,25,8
F2XF93_L,0,0.0427,163,3.8397,0.458,24.7576,22,4.3939,893.6879,456.8868,-3,18.0541,37,0.227,4,1,1,0,3,1,0,0,3,4,0,0,2,0,6,0,3,0,3,2,33,15,13,11,9,3,6,0.5,24,10,20,14,9
F2XFA6_L,0,0.062,157,3.8682,0.48,23.2424,22,4.4242,822.2067,385.9255,-4,15.3333,33,0.2102,4,1,1,0,3,1,0,0,3,3,0,0,2,0,6,0,3,0,4,2,33,16,12,11,10,3,7,0.429,23,10,20,14,8
F8TWD1_L,0,0.9592,224,3.8037,0.4235,29.0976,21,4.2927,1546.2594,1519.9851,-4,36.1649,97,0.433,4,2,3,0,3,2,1,1,3,2,1,4,2,1,4,1,2,0,5,0,41,17,10,19,12,4,8,0.5,29,10,27,19,9
F8TWD2_L,0,0.8437,91,3.8485,0.437,23.5517,18,4.4483,646.5164,229.4647,-2,22.0833,24,0.2637,1,2,1,2,2,1,1,0,2,1,0,1,2,0,2,0,3,1,4,3,29,12,8,11,10,4,6,0.667,19,5,18,13,4
G5CV39_L,0,0.992,150,3.7711,0.4562,17.9062,20,4.0938,1008.6143,545.1905,-5,41.5769,52,0.3467,3,1,2,1,1,1,1,1,3,4,0,3,1,0,3,0,2,0,5,0,32,14,9,12,11,3,8,0.375,21,5,17,16,8
H6UQ81_L,0,0.043,209,3.8084,0.4198,21.5714,23,4.0476,1667.7667,1741.6754,-4,16,57,0.2727,5,3,4,0,2,2,1,1,2,4,1,1,3,0,3,0,3,1,6,0,42,15,11,19,12,4,8,0.5,30,7,24,21,12
H6WBC5_L,0,0.9068,84,3.8183,0.4845,34.1667,11,4.5556,392.1319,59.5918,-3,41.3191,47,0.5595,0,0,1,0,0,1,0,1,1,2,0,3,3,0,2,0,1,0,3,0,18,7,6,7,5,1,4,0.25,13,3,10,8,2
hmoChr44410_L,0,0.2038,109,3.7008,0.4064,21.7931,20,4.5517,802.5305,418.6218,-1,14.125,32,0.2936,1,2,1,0,1,1,1,0,2,1,0,2,2,0,4,1,3,1,4,2,29,15,9,9,11,5,6,0.833,18,7,18,13,4
J7HWK5_L,0,0.9742,112,3.7917,0.4429,25.5833,15,4.2917,593.8051,186.8232,-3,48.4138,58,0.5179,1,1,2,0,0,1,0,1,0,2,0,4,1,0,3,0,2,0,5,1,24,10,8,9,7,2,5,0.4,17,4,14,14,4
O04806_C,1,0.3406,173,3.8388,0.4427,17.8889,26,4.4722,998.8483,693.9213,-1,21.2273,44,0.2543,2,1,1,1,1,1,1,0,2,3,0,1,3,0,5,1,4,2,5,2,36,18,13,10,13,6,7,0.857,23,8,20,16,6
O22340_C,1,0.0192,97,4.0214,0.5092,14.7619,15,4.3333,583.8586,158.8059,-2,22.4,25,0.2577,1,0,1,0,1,0,0,0,1,2,0,2,0,1,3,0,3,0,4,2,21,12,8,5,8,3,5,0.6,13,4,11,12,4
P0CV94_L,0,0.9486,76,3.7872,0.4554,22.0476,14,4.4762,429.617,86.66,-4,33.9474,38,0.5,0,0,2,0,0,1,0,1,2,2,0,3,1,1,2,0,2,0,4,0,21,11,7,6,8,2,6,0.333,13,3,10,10,3
P0CV95_L,0,0.9789,98,3.7455,0.4504,21.0455,14,4.3182,543.4548,152.1139,-4,39.2889,45,0.4592,1,0,2,0,0,1,0,1,2,2,0,3,1,1,2,0,2,0,4,0,22,11,7,7,8,2,6,0.333,14,3,11,11,4
Q1XBU5_L,0,0.1072,139,3.8624,0.4528,21.9706,23,4.6471,1069.3369,582.9377,-2,17.9535,43,0.3094,1,1,0,1,1,1,1,0,3,2,0,2,5,0,4,1,4,1,5,1,34,18,9,11,14,6,8,0.75,20,7,19,13,4
Q20HU7_C,1,0.114,121,3.8739,0.4272,24.2258,20,4.3226,867.0438,375.9156,-3,21.6364,44,0.3636,1,3,3,0,1,1,0,0,2,4,0,0,1,2,5,0,3,1,4,0,31,16,13,9,9,3,6,0.5,22,7,17,15,10
Q2XSC5_L,0,0.0102,162,3.9719,0.4516,5.3824,27,4.4412,1416.6522,742.7701,-4,18.6667,42,0.2593,2,0,0,1,1,1,1,0,4,2,0,0,3,0,3,0,5,2,6,3,34,19,11,7,16,6,10,0.6,18,5,15,15,4
Q2XSC6_C,1,0.9515,156,3.8337,0.4972,21.0882,24,4.5588,1055.9893,628.9008,-2,21.1429,42,0.2692,1,2,1,0,2,1,2,0,2,2,0,2,2,0,5,0,3,1,5,3,34,17,12,10,12,5,7,0.714,22,8,21,16,5
Q40322_C,1,0.4396,142,3.9703,0.4774,9.5806,24,4.2903,877.9548,396.0584,-3,16.4138,29,0.2042,2,0,1,1,0,1,1,1,3,2,0,1,2,0,3,1,3,1,5,3,31,16,11,7,13,5,8,0.625,18,5,16,14,4
Q5SBP3_L,0,0.3456,220,3.9276,0.4658,29.1905,25,4.5476,1372.6458,1155.5928,-5,29.1351,74,0.3364,3,2,2,3,3,2,0,0,4,1,0,3,1,0,5,0,4,0,5,4,42,18,12,17,13,4,9,0.444,29,10,28,18,6
Q675L1_C,1,0.0254,140,3.95,0.5181,23.1935,20,4.3871,854.4597,317.7329,-4,15.2121,33,0.2357,1,3,3,0,1,1,0,0,2,2,0,0,1,2,5,0,3,1,5,1,31,17,12,9,10,3,7,0.429,21,7,18,15,8
Q675L2_L,0,0.0127,95,3.8484,0.4666,19.8571,18,4.1429,592.4611,175.6369,-1,12.6667,15,0.1579,3,2,1,0,3,0,0,0,1,3,0,0,1,0,4,1,3,0,4,2,28,13,9,10,9,4,5,0.8,19,8,17,14,8
Q6F5H2_C,1,0.7924,141,3.871,0.4274,22.0606,24,4.6667,910.967,427.5783,-1,19.8919,37,0.2624,0,1,1,0,1,1,1,0,2,2,0,2,4,0,4,1,4,1,5,3,33,17,11,9,13,6,7,0.857,20,7,19,14,3
Q6F5H3_C,1,0.8425,152,3.7071,0.4195,18.6053,28,4.6842,889.3106,723.0547,-1,16.2,40,0.2632,1,1,1,0,1,1,1,0,2,2,0,4,2,0,6,2,5,0,7,2,38,23,11,10,17,8,9,0.889,21,10,22,17,4
Q6ZH94_L,0,0.9593,183,3.8215,0.4551,11.8421,23,4,1313.8242,1017.8976,-4,39.5211,71,0.388,4,2,1,1,1,1,2,1,3,3,1,5,0,0,3,0,3,0,6,1,38,17,9,15,14,5,9,0.556,24,5,21,22,9
Q84UV0_L,0,0.8385,185,3.8425,0.4546,25.8462,24,4.4103,1400.0419,1144.4824,-6,28.2623,61,0.3297,2,1,3,0,2,1,1,1,3,2,0,4,3,0,5,0,2,2,6,1,39,17,12,15,12,3,9,0.333,27,8,23,18,5
Q8H2B4_L,0,0.262,160,3.814,0.4317,21.4722,24,4.5278,1004.1808,563.8247,-3,24.0816,49,0.3063,2,2,1,1,1,1,1,0,3,1,0,2,3,0,5,0,4,1,5,3,36,18,11,12,13,5,8,0.625,23,7,22,16,5
Q8L5K1_C,1,0.4388,89,3.9661,0.4716,22.8261,17,4.6957,491.6222,86.66,-2,21.9167,24,0.2697,0,0,1,0,1,1,1,0,2,1,0,0,4,0,2,1,2,0,4,3,23,12,7,6,10,4,6,0.667,13,5,14,8,1
Q8L5K3_C,1,0.4308,131,3.9007,0.4313,18.0938,24,4.5938,880.0097,313.2303,-1,19.0857,35,0.2672,0,1,1,0,1,1,1,1,2,2,0,1,4,0,3,1,4,1,5,3,32,16,11,8,13,6,7,0.857,19,6,17,13,3
Q940E7_C,1,0.1792,140,3.9872,0.4769,13.2424,25,4.2727,943.3145,428.8784,-1,23.8,40,0.2857,2,0,2,0,0,1,1,0,3,4,0,2,2,0,3,1,4,1,4,3,33,16,12,8,13,6,7,0.857,20,5,17,16,6
Q96376_L,0,0.9309,170,3.9161,0.4724,28.1818,18,4.5152,1153.3599,551.2812,-1,33.75,72,0.4235,1,2,0,1,6,1,3,0,3,2,0,1,3,1,1,0,2,2,3,1,33,13,8,14,11,5,6,0.833,22,8,21,13,6
Q9AXM7_C,1,0.4123,159,3.8468,0.4564,13.6364,25,4.3939,935.9306,549.5903,0,24.3404,47,0.2956,2,1,1,1,0,1,1,1,2,3,0,0,3,0,4,1,4,2,4,2,33,16,13,8,12,6,6,1,21,6,17,14,6
Q9FUW5_C,1,0.8062,128,3.8594,0.4325,21.0345,22,4.6897,675.6043,288.2145,-2,19.697,33,0.2578,0,0,2,0,1,1,1,0,2,3,0,2,2,0,4,1,3,0,5,2,29,16,10,7,12,5,7,0.714,17,7,16,12,3
Q9M5A4_C,1,0.8711,125,3.8178,0.4651,15.5385,20,4.5,641.9244,229.1291,-3,19.5862,29,0.232,0,1,1,1,1,1,1,0,2,2,0,0,2,0,3,1,2,1,5,2,26,14,9,6,11,4,7,0.571,15,6,14,11,3
Q9M7C9_C,1,0.2452,166,3.905,0.4892,21.6111,22,4.1667,972.0273,478.8052,-4,16,38,0.2289,4,2,3,0,2,1,0,0,3,3,0,0,1,2,5,1,3,0,5,1,36,19,12,12,12,4,8,0.5,24,9,22,17,11
Q9SPN0_L,0,0.4852,242,3.9597,0.4534,24.7391,28,4.4783,1864.8433,1576.8311,-4,35.8,80,0.3306,2,4,4,1,3,1,2,0,4,2,0,0,4,0,5,0,4,2,6,2,46,21,12,18,16,6,10,0.6,30,9,28,18,8
Q9SPN1_L,0,0.502,280,3.9506,0.4603,19.1667,32,4.3958,2028.9454,1585.4875,-5,43.9626,107,0.3821,0,4,2,2,2,1,2,0,5,4,1,1,4,0,5,0,4,2,6,3,48,22,15,16,17,6,11,0.545,31,8,26,21,8
Q9SW76_C,1,0.9063,120,3.8265,0.4532,18.5833,18,4.625,586.2366,158.3754,-2,21.5429,35,0.2917,0,1,1,1,1,1,1,0,2,2,0,0,2,0,3,1,2,1,4,1,24,13,8,6,10,4,6,0.667,14,6,13,9,3
R4I6X2_L,0,0.9851,118,3.8088,0.4459,19.8519,17,4.1852,630.3202,252.4015,-3,51.9344,61,0.5169,2,1,2,0,0,1,1,1,0,2,0,4,1,0,3,0,2,0,6,1,27,12,8,10,9,3,6,0.5,18,4,16,16,5
R4YVJ5_C,1,0.454,119,3.8121,0.4446,9.1143,24,4.1429,1102.584,738.035,-1,15.7419,31,0.2605,4,0,2,2,1,1,2,0,2,3,1,0,1,0,3,1,3,2,5,2,35,16,11,11,13,6,7,0.857,22,6,19,17,7
slectg065_np871_L,0,0.2051,131,3.8562,0.4166,19.1786,19,4.3929,841.6609,404.2198,-3,23,24,0.1832,2,1,2,1,1,1,1,0,1,3,0,0,2,0,4,1,2,0,6,0,28,15,8,9,11,4,7,0.571,17,7,16,12,6
slectg127_np665_L,0,0.0505,271,3.9623,0.48,27.1522,27,4.3043,2018.1665,1723.1195,-6,31.1209,91,0.3358,4,3,3,1,2,2,0,0,4,1,0,4,2,0,5,0,4,0,6,5,46,19,13,19,14,4,10,0.4,32,9,31,23,8
slectg240_np1756_L,0,0.0001,282,3.9137,0.4608,21.8571,30,4.4286,2126.3184,2456.7454,-4,20.6441,59,0.2092,4,3,3,0,5,2,4,5,4,2,0,1,3,0,4,0,2,1,6,0,49,20,14,19,16,6,10,0.6,33,11,29,17,9
U5PZT6_L,0,0.817,122,3.9537,0.494,13.3103,23,4.3103,700.5098,243.1544,-1,33.8974,39,0.3197,2,0,0,0,0,2,1,0,2,4,0,1,3,0,3,0,3,3,3,2,29,12,14,6,9,4,5,0.8,20,5,14,15,6
vodctg000225_np551212.245_C,1,0.11,121,3.7207,0.4181,23.6857,24,4.5714,766.355,376.2439,-2,10.72,25,0.2066,1,3,0,2,3,1,0,0,2,4,0,1,1,0,6,1,4,0,5,1,35,18,12,11,12,5,7,0.714,23,11,20,15,8
vodctg000225_np551212959_L,0,0.7129,148,3.9293,0.4533,21.8108,24,4.2973,1035.5997,408.7667,-1,24,33,0.223,1,4,1,1,0,1,1,0,2,3,0,2,4,0,4,1,4,1,5,2,37,17,11,13,13,6,7,0.857,24,6,22,18,8
vodctg000245_np551212567_C,1,0.138,119,3.7293,0.4168,24.9118,24,4.6471,753.4642,379.6406,-1,13.931,29,0.2437,1,3,0,2,2,1,0,0,2,4,0,1,1,0,7,1,4,0,4,1,34,18,13,10,11,5,6,0.833,23,11,20,14,8
vraChr51716_C,1,0.315,135,3.8183,0.4581,9.6364,27,4.4545,733.8479,338.4477,-1,11.75,24,0.1778,1,1,1,1,0,1,1,0,2,3,0,1,1,0,5,1,4,3,5,2,33,18,14,6,13,6,7,0.857,20,7,16,16,5
vraChr52544_C,1,0.2784,164,3.7963,0.4556,20.8649,26,4.3514,985.2661,522.1326,-1,16.1875,32,0.1951,1,4,0,2,1,1,0,0,2,5,0,1,2,0,6,2,4,0,5,1,37,19,13,11,13,6,7,0.857,24,10,21,17,10
