Protein,Cyclical,Drug Score,Number of alpha spheres,Mean alpha-sphere radius,Mean alpha-sphere solvent acc,Hydrophobicity Score,Polarity Score,Amino Acid based volume Score,Pocket volume (Monte Carlo),Pocket volume (Convex hull),Charge Score,Local hydrophobic density Score,Number of apolar alpha sphere,Proportion of apolar alpha sphere,Glycine - G,Alanine - A,Leucine - L,Methionine - M,Phenylalanine - F,Tryptophan - W,Lysine - K,Glutamine - Q,Glutamic Acid - E,Serine - S,Proline - P,Valine - V,Isoleucine - I,Cysteine - C,Tyrosine - Y,Histidine - H,Arginine - R,Asparagine - N,Aspartic Acid - D,Threonine - T,Number of residues,Ionisible groups,Polar,Non-polar,Charged,Positive charge,Negative charge,Pos-neg charge ratio,Uncharged,Aromatic,Hydrophobic,Small,tiny
A0A1C9J6A7_3_1,1,0.9244,163,3.8352,0.428,21.5128,28,4.6667,942.209,542.8689,0,19.6842,38,0.2331,2,1,1,0,1,1,1,0,2,1,0,2,4,0,6,2,5,0,6,4,39,22,28,11,16,8,8,1,22,10,25,16,4
A0A2R3ZE38_4_1,0,0.9929,131,3.7811,0.4377,28.7931,17,4.4828,695.2983,275.1301,-4,57.9118,68,0.5191,1,0,4,0,1,1,0,1,1,3,1,4,1,0,4,0,2,0,5,0,29,12,17,12,8,2,6,0.333333333,18,6,16,14,4
A0A3G9EWY9_4_1,0,0.8604,200,3.8474,0.4504,31.7551,22,4.102,1506.58,1592.1613,-1,30.56,75,0.375,6,3,4,3,3,2,1,1,2,4,1,3,3,1,3,1,2,1,4,1,49,14,23,27,10,4,6,0.666666667,35,9,34,24,14
A0A6C0M6B5_5_4,0,0.7496,118,3.9467,0.5185,11.3333,19,3.9259,759.3454,218.4812,0,31.7222,36,0.3051,2,0,1,0,0,1,1,0,0,3,1,3,1,0,2,1,2,2,4,3,27,10,19,8,8,4,4,1,16,4,15,18,5
A0A7L7T499_5_1,0,0.8675,198,3.8778,0.4287,9.55,30,4.2,1318.6821,917.137,-1,33.5,64,0.3232,3,1,0,0,0,2,2,1,3,5,1,2,3,0,4,0,4,3,4,2,40,17,30,10,13,6,7,0.857142857,22,6,19,21,9
A7IZZ1_3_1,1,0.0102,97,3.859,0.4476,10.2222,20,4.3333,593.6863,211.9245,-2,9,10,0.1031,1,1,3,0,0,0,1,0,2,1,0,1,1,0,3,2,3,0,6,2,27,17,20,7,14,6,8,0.75,12,5,15,12,3
ATY48639_3_6,0,0.0468,74,4.0202,0.4485,25.625,17,4.875,607.3062,134.5598,-1,24,25,0.3378,0,1,1,0,2,2,0,0,2,3,0,1,2,0,2,0,3,1,3,1,24,10,17,7,8,3,5,0.6,13,6,12,10,4
B0F4G4_1_1,1,0.9837,119,3.807,0.4501,18.5833,18,4.625,583.2131,168.0369,-2,28.8205,39,0.3277,0,1,1,1,1,1,1,0,2,2,0,0,2,0,3,1,2,1,4,1,24,13,18,6,10,4,6,0.666666667,12,6,13,9,3
B1NA84_3_1,0,0.9136,126,3.7751,0.4285,23.8276,19,4.5172,720.2431,290.8098,-4,36.2979,47,0.373,1,1,1,1,1,1,0,1,1,3,0,2,3,0,4,0,2,0,6,1,29,13,19,10,9,2,7,0.285714286,17,6,16,14,5
D4N3A0_2_47,0,0.0034,147,3.9284,0.4373,12.8824,24,4.4118,1562.9218,821.4893,-4,18.4138,29,0.1973,3,1,1,1,1,1,1,1,2,4,0,1,2,0,5,0,3,0,7,0,34,18,24,10,13,4,9,0.444444444,17,7,17,16,8
D5SL78_1,0,0.1254,64,3.9863,0.4876,50.7222,9,4.7222,437.9078,83.6741,0,30.125,32,0.5,0,0,2,0,2,1,0,0,0,1,0,1,2,2,2,0,1,1,1,2,18,6,11,9,2,1,1,1,15,5,14,8,3
P0CV94_3_2,0,0.9486,76,3.7872,0.4554,22.0476,14,4.4762,429.617,86.66,-4,33.9474,38,0.5,0,0,2,0,0,1,0,1,2,2,0,3,1,1,2,0,2,0,4,0,21,11,15,7,8,2,6,0.333333333,11,3,10,10,3
Q40322_1,1,0.4396,142,3.9703,0.4774,9.5806,24,4.2903,877.9548,396.0584,-3,16.4138,29,0.2042,2,0,1,1,0,1,1,1,3,2,0,1,2,0,3,1,3,1,5,3,31,16,24,7,13,5,8,0.625,16,5,16,14,4
Q5SBP3_3_1,0,0.3456,220,3.9276,0.4658,29.1905,25,4.5476,1372.6458,1155.5928,-5,29.1351,74,0.3364,3,2,2,3,3,2,0,0,4,1,0,3,1,0,5,0,4,0,5,4,42,18,25,17,13,4,9,0.444444444,28,10,28,18,6
Q6F5H2_3_1,1,0.7924,141,3.871,0.4274,22.0606,24,4.6667,910.967,427.5783,-1,19.8919,37,0.2624,0,1,1,0,1,1,1,0,2,2,0,2,4,0,4,1,4,1,5,3,33,17,24,9,13,6,7,0.857142857,18,7,19,14,3
Q6F5H3_4_1,1,0.8425,152,3.7071,0.4195,18.6053,28,4.6842,889.3106,723.0547,-1,16.2,40,0.2632,1,1,1,0,1,1,1,0,2,2,0,4,2,0,6,2,5,0,7,2,38,23,28,10,17,8,9,0.888888889,19,10,22,17,4
Q9SPN0_1_4,0,0.4852,242,3.9597,0.4534,24.7391,28,4.4783,1864.8433,1576.8311,-4,35.8,80,0.3306,2,4,4,1,3,1,2,0,4,2,0,0,4,0,5,0,4,2,6,2,46,21,28,18,16,6,10,0.6,28,9,28,18,8
U5PZT6_3_1,0,0.817,122,3.9537,0.494,13.3103,23,4.3103,700.5098,243.1544,-1,33.8974,39,0.3197,2,0,0,0,0,2,0,0,2,5,0,1,3,0,3,0,3,3,3,2,29,11,23,6,8,3,5,0.6,16,5,13,16,7
