Protein,Cyclical,Drug Score,Number of alpha spheres,Mean alpha-sphere radius,Mean alpha-sphere Solvent Acc.,Hydrophobicity Score,Polarity Score,Amino Acid based volume Score,Pocket volume (Monte Carlo),Pocket volume (convex hull),Charge Score,Local hydrophobic density Score,Number of apolar alpha sphere,Proportion of apolar alpha sphere,Glycine - G,Alanine - A,Leucine - L,Methionine - M,Phenylalanine - F,Tryptophan - W,Lysine - K,Glutamine - Q,Glutamic Acid - E,Serine - S,Proline - P,Valine - V,Isoleucine - I,Cysteine - C,Tyrosine - Y,Histidine - H,Arginine - R,Asparagine - N,Aspartic Acid - D,Threonine - T,Number of residues,Ionisable groups,Polar,Non-polar,Charged,Positive charge,Negative charge,Pos-neg charge ratio,Uncharged,Aromatic,Hydrophobic,Small,tiny
A0A075W2D6_1,0,0.7952,137,3.9391,0.4424,23.9655,19,4.5517,758.0682,331.9408,-3,29.6327,49,0.3577,1,0,1,2,2,1,0,0,3,1,0,3,0,1,3,1,3,0,4,3,29,15,9,9,11,4,7,0.571,18,7,18,13,3
A0A076GAU9_2,1,0.9107,111,3.8586,0.4689,18.25,19,4.3214,660.7498,211.4789,0,22.5833,24,0.2162,1,2,2,0,0,1,1,0,2,1,0,2,2,0,2,2,3,1,4,2,28,14,7,9,12,6,6,1,16,5,17,13,4
A0A076GBT1_1,0,0.952,103,3.7799,0.4755,34.8421,11,4.6316,456.2288,100.2285,-2,60.1471,68,0.6602,0,0,2,0,0,1,0,0,1,2,0,5,1,0,2,0,2,0,3,0,19,8,5,8,6,2,4,0.5,13,3,11,10,2
A0A0A0RDZ8_1,1,0.8417,105,3.9547,0.4832,15.6,19,4.52,567.2129,118.6244,-1,29.75,32,0.3048,0,2,0,1,1,1,1,0,2,3,0,0,2,0,3,0,3,2,3,1,25,12,10,6,9,4,5,0.8,16,5,12,11,5
A0A0C5KR55_3,0,0.9028,163,3.8786,0.4783,14.25,22,3.9167,977.63,524.618,-5,20,39,0.2393,2,5,1,1,3,1,0,1,2,4,1,1,0,0,3,0,3,1,6,1,36,14,11,14,11,3,8,0.375,25,7,18,21,11
A0A0E0LRP1_5,1,0.8586,101,3.8887,0.4242,22.8846,17,4.4615,705.5222,301.0445,-1,35.641,39,0.3861,0,2,0,0,3,1,0,0,2,0,0,2,2,0,1,2,3,1,4,3,26,12,6,9,11,5,6,0.833,15,7,16,12,2
A0A109QXM3_1,0,0.8846,107,3.9161,0.4878,13.9286,20,4.2143,626.1326,219.2865,-4,33.8889,36,0.3364,0,1,2,0,1,1,0,0,2,5,1,0,3,0,2,0,3,1,5,1,28,12,10,8,10,3,7,0.429,18,4,11,14,6
A0A1J0CQ86_2,1,0.8201,139,3.8852,0.4475,22.3333,16,4.3704,841.5265,357.446,0,31.1364,44,0.3165,2,1,2,0,4,0,0,1,2,1,0,1,1,0,2,1,3,4,2,0,27,10,8,11,8,4,4,1,19,7,14,11,4
A0A1J0CQ92_3,1,0.6647,113,3.8286,0.4291,23.9231,15,4.2308,749.1825,215.6825,0,21.1034,29,0.2566,0,3,1,0,3,0,0,1,1,1,0,1,1,2,2,0,3,4,2,1,26,10,11,9,6,3,3,1,20,5,14,14,6
A0A1J0CQ93_1,0,0.1037,78,3.7429,0.423,19.6667,16,4.7143,495.5074,110.0456,-3,18.3,20,0.2564,1,0,0,0,3,1,0,0,2,0,0,0,1,0,3,0,2,2,3,3,21,10,9,5,7,2,5,0.4,14,7,12,9,1
A0A1J0CQ94_1,0,0.7774,131,3.9739,0.4401,31.8065,16,4.5484,1006.5312,385.6689,0,34.8064,62,0.4733,0,0,2,1,4,1,0,0,1,2,1,2,3,2,1,2,3,2,4,0,31,13,8,13,10,5,5,1,21,8,18,13,4
A0A1L7NYF8_3,1,0.8464,135,3.8356,0.4852,24.5,17,4.1875,893.8348,472.9798,-3,27,46,0.3407,4,1,5,0,3,1,0,0,3,0,0,1,1,0,1,1,3,2,4,2,32,12,6,15,11,4,7,0.571,21,6,20,14,5
A0A1L7NYG3_5,1,0.9071,148,3.8155,0.4563,21.9412,18,4.1765,985.7124,526.8389,0,24.4783,46,0.3108,5,2,4,0,3,1,1,0,3,0,0,1,1,0,1,1,4,2,3,2,34,13,6,16,12,6,6,1,22,6,22,15,7
A0A1S5TFB0_2,0,0.9667,112,3.8347,0.4325,25.08,15,4.36,616.7849,219.8444,-2,43.52,50,0.4464,1,1,2,0,0,1,1,1,0,2,0,4,1,1,3,0,2,0,5,0,25,12,8,9,8,3,5,0.6,17,4,15,14,5
A0A1U9M7X9_1,0,0.1843,141,3.787,0.4668,21.5484,23,4.5806,853.1813,441.0431,-1,17.3684,38,0.2695,1,1,1,0,2,1,0,0,2,3,0,1,1,1,5,1,4,0,4,3,31,17,13,7,11,5,6,0.833,20,9,18,14,6
A0A650A7H3_3,1,0.0434,162,3.8937,0.4368,24.3548,24,4.8387,1039.0979,518.5889,0,8.4545,22,0.1358,0,1,1,0,2,2,0,0,2,1,0,1,2,0,4,2,4,1,4,4,31,16,12,7,12,6,6,1,19,10,19,12,2
A0A650A7I8_3,1,0.8291,218,3.8829,0.4555,26.6,24,4.425,1621.1918,1085.955,0,31.0909,66,0.3028,2,3,1,2,3,1,1,0,3,0,0,2,3,0,3,2,4,1,4,5,40,17,10,16,14,7,7,1,26,9,28,17,5
A0A650A7K4_3,1,0.0235,134,3.9546,0.4701,8.6757,26,4.027,1261.8806,640.671,-1,10.1667,24,0.1791,3,2,1,0,2,1,1,0,2,1,1,1,1,0,2,2,4,1,6,6,37,17,11,11,15,7,8,0.875,22,7,22,21,6
A0A650A7M1_5,1,0.6647,186,3.8705,0.4389,28.1351,23,4.4324,1214.5757,685.1028,0,23.7358,53,0.2849,2,3,1,1,2,2,0,0,2,0,0,2,3,0,3,2,4,1,4,5,37,15,11,14,12,6,6,1,25,9,26,17,5
A0A650A7N6_5,1,0.8927,141,3.9217,0.4416,23.0938,20,4.3438,1017.2637,406.7614,-1,20.6818,44,0.3121,2,3,1,1,2,1,1,0,2,0,0,1,2,0,3,1,3,1,4,4,32,14,9,12,11,5,6,0.833,21,7,22,15,5
A0A650A872_3,1,0.1382,176,3.8451,0.428,15.9231,28,4.2821,1385.8918,919.8864,0,12.6341,41,0.233,3,2,1,0,2,2,1,0,2,1,0,1,2,0,3,3,4,1,6,5,39,19,12,11,16,8,8,1,23,10,25,19,6
B2KSJ6_1,0,0.6709,114,3.992,0.4908,31.7879,18,4.4545,843.4164,283.0191,-2,27.6552,29,0.2544,2,1,3,0,6,0,0,0,2,3,0,1,2,0,3,1,3,1,4,1,33,13,8,15,10,4,6,0.667,23,10,20,13,6
B9RXW0_1,0,0.9948,155,3.8548,0.422,33.5128,22,4.359,981.4239,544.0969,-4,37.1803,61,0.3935,0,3,4,1,2,1,0,0,2,4,0,3,3,1,4,0,3,1,5,2,39,15,13,16,10,3,7,0.429,29,7,24,19,8
C5H3I7_3,1,0.1933,223,3.8988,0.4689,18.025,29,4.325,1370.7562,888.9648,-1,14.2174,46,0.2063,2,2,1,0,3,2,1,0,2,2,0,1,2,0,3,2,4,1,6,6,40,18,14,11,15,7,8,0.875,25,10,25,20,6
C5YHH7_1,1,0.0671,153,3.9319,0.4392,15.3889,25,4.3333,1107.5236,681.227,1,11.6774,31,0.2026,2,2,1,0,2,2,1,0,2,1,1,1,2,0,2,3,4,1,5,4,36,17,10,11,15,8,7,1.143,21,9,22,17,5
C5YHI2_2,1,0.9776,240,3.7913,0.4337,27.9286,27,4.4762,1365.9287,1065.0656,2,31.7174,92,0.3833,1,3,0,2,3,2,0,0,2,1,0,4,2,0,3,3,5,1,4,6,42,17,13,15,14,8,6,1.333,28,11,29,20,5
C5YN30_4,1,0.9472,124,3.8649,0.431,26.5676,23,4.4595,820.6299,420.5541,-1,35.3171,41,0.3306,0,3,1,4,0,1,0,0,2,3,0,3,3,0,4,2,4,1,5,1,37,17,10,14,13,6,7,0.857,24,7,22,16,6
C7SHN9_2,0,0.7882,177,3.8604,0.4357,22.0278,21,4.2778,1092.4238,634.1573,-3,37.0769,65,0.3672,0,3,0,2,4,0,2,0,2,2,0,3,2,1,2,0,3,1,6,3,36,16,9,14,13,5,8,0.625,23,6,22,19,6
E3W205_1,1,0.9703,113,3.9393,0.4811,20,17,4.24,566.5505,136.2286,-1,34.3333,42,0.3717,1,3,0,1,1,1,1,0,2,3,0,0,2,0,3,0,2,2,2,1,25,10,10,8,7,3,4,0.75,18,5,14,12,7
E3W206_2,1,0.9898,157,3.9094,0.4597,14.3438,23,4.1875,874.2611,322.0413,-2,26.0444,45,0.2866,3,1,0,1,1,1,1,0,2,3,0,1,2,0,4,0,3,2,4,3,32,14,13,9,10,4,6,0.667,22,6,18,17,7
E5GAF9_2,0,0.9932,179,3.8172,0.4557,30.5854,23,4.1951,1012.683,601.3451,-3,50.2195,82,0.4581,1,3,3,2,2,0,0,0,2,5,0,2,3,2,5,1,3,0,5,2,41,18,14,16,11,4,7,0.571,30,8,26,20,11
F8TWD0_4,0,0.9813,121,3.8626,0.4141,31.8182,18,4.2727,804.4027,335.7852,-3,39,50,0.4132,0,2,3,1,1,0,0,0,2,4,0,3,4,1,3,0,3,1,4,1,33,13,10,14,9,3,6,0.5,24,4,19,16,7
J3MQP7_1,1,0.1032,118,4.0025,0.4733,12.8276,23,4.4483,926.7619,350.9046,-2,14.2069,29,0.2458,1,0,1,0,2,1,1,0,1,1,0,1,1,0,3,1,3,1,6,5,29,15,11,6,12,5,7,0.714,17,7,17,15,2
J7LH11_3,1,0.9942,124,3.847,0.4532,23.1379,18,4.2069,747.7986,338.5306,-2,28.8837,43,0.3468,2,3,2,0,0,1,1,0,2,2,0,3,1,0,4,1,2,0,4,1,29,14,8,11,10,4,6,0.667,19,6,19,15,7
L0I8P4_1,0,0.9823,96,3.7831,0.4585,29.2083,13,4.3333,494.804,109.7061,-5,52.8197,61,0.6354,0,0,4,0,0,1,0,1,2,2,1,4,1,1,2,0,1,0,4,0,24,10,7,10,7,1,6,0.167,17,3,13,12,3
M4HZ33_2,1,0.5227,178,3.8231,0.4295,20.0465,24,4,1159.6982,935.4499,-3,12.4571,35,0.1966,5,2,5,0,3,1,1,0,4,3,0,2,2,0,1,1,4,2,5,2,43,16,9,19,15,6,9,0.667,28,6,25,21,10
O81086_2,1,0.4643,185,3.8755,0.4525,22.2683,26,4.3659,1194.9135,829.5797,-3,24.3846,52,0.2811,1,4,4,0,3,1,0,2,3,1,1,1,1,0,4,1,4,1,5,4,41,17,13,15,13,5,8,0.625,28,9,24,18,6
Q4QSN5_3,0,0.2879,172,3.8579,0.4763,27.6053,25,4.4474,1098.2394,615.0757,-5,21.64,50,0.2907,0,4,3,0,2,1,0,1,4,1,0,0,3,1,5,0,3,1,4,5,38,17,15,12,11,3,8,0.375,27,8,24,16,6
Q5SBP4_1,1,0.9582,149,3.899,0.4893,20.4839,22,4.4194,839.8777,386.5898,-3,45.6452,62,0.4161,1,3,2,0,0,1,1,0,2,3,0,0,3,0,5,0,3,0,5,2,31,16,11,9,11,4,7,0.571,20,6,18,14,7
Q66PX9_1,0,0.8655,149,3.9546,0.507,32.4118,18,4.4118,868.8831,349.0345,-2,37.9535,43,0.2886,2,1,3,0,6,0,0,0,2,3,0,3,1,0,3,1,3,1,4,1,34,13,8,16,10,4,6,0.667,24,10,21,15,6
Q675K8_1,0,0.8441,149,3.9357,0.4918,35.2667,14,4.5,825.0968,357.0808,-3,37.9365,63,0.4228,3,3,1,0,5,2,0,0,3,1,0,1,2,1,2,0,3,0,3,0,30,12,6,15,9,3,6,0.5,21,9,20,12,8
Q675L6_4,1,0.6972,149,3.8541,0.4705,26,23,4.7273,978.7449,502.5378,-3,21.8261,46,0.3087,0,2,4,0,3,1,0,2,3,2,0,0,1,0,4,0,4,0,4,3,33,15,12,10,11,4,7,0.571,22,8,18,11,4
Q6JD73_2,1,0.4556,113,3.8602,0.4482,17.9286,20,4.3929,725.2341,305.5938,-1,18.1765,34,0.3009,0,1,2,0,1,1,0,0,2,2,1,0,3,0,2,2,3,1,4,3,28,13,9,8,11,5,6,0.833,17,6,15,12,3
Q84KL5_1,0,0.5179,142,3.8534,0.4406,35.4848,15,4.3636,885.7861,399.6048,-3,25.5417,48,0.338,4,3,3,0,5,2,0,0,3,2,0,0,2,1,2,0,3,0,3,0,33,12,7,17,9,3,6,0.5,24,9,22,13,10
Q84LB2_2,0,0.9737,176,3.8614,0.4318,25.8974,23,4.3077,1039.838,560.3994,-3,37.4688,64,0.3636,0,2,3,1,1,0,0,0,2,5,1,5,2,1,5,0,4,1,5,1,39,17,13,15,11,4,7,0.571,28,6,21,21,8
Q94JS8_5,0,0.0239,121,3.972,0.4353,16.0667,21,4.5,786.8164,350.7083,-4,9.92,25,0.2066,1,1,1,0,2,1,0,0,2,1,1,1,2,0,4,1,3,1,6,2,30,16,9,9,12,4,8,0.5,18,8,16,14,3
Q9FXY7_3,0,0.7011,170,3.959,0.4986,26.0645,20,4.5161,929.1151,433.3434,-2,33.5556,54,0.3176,1,0,3,1,2,1,0,1,2,1,0,3,0,1,3,1,3,1,4,3,31,14,11,10,10,4,6,0.667,21,7,19,14,3
Q9T0K1_5,1,0.4662,173,3.9631,0.4845,26.1842,22,4.1842,1386.4563,713.7352,-2,30.5306,49,0.2832,2,2,7,0,2,0,0,0,0,1,0,1,1,1,4,1,3,4,6,3,38,15,13,15,10,4,6,0.667,28,7,24,20,6
B1NA83_L,0,0.8511,152,3.9772,0.4543,19.8684,24,4.1579,1261.7135,742.6146,-4,19.6098,41,0.2697,2,1,1,2,1,0,2,2,2,4,0,2,4,1,4,0,2,0,6,2,38,17,13,13,12,4,8,0.5,26,5,22,18,8
D7U6G8_3_5,0,0.9224,120,3.928,0.4517,24.2424,20,4.1515,844.9027,362.0446,-4,32.1463,41,0.3417,0,3,3,0,1,0,0,1,2,4,0,1,4,1,3,0,3,1,5,1,33,14,11,12,10,3,7,0.429,23,4,17,16,8
D8RNZ9_M_1_1,0,0.8775,129,3.8537,0.4253,21.5,18,4.4643,850.9764,396.8117,0,31.6444,45,0.3488,2,0,1,1,2,1,1,1,2,2,0,3,1,0,2,1,3,1,3,1,28,12,8,10,10,5,5,1,18,6,16,12,4
E5GAH2_1_1,0,0.9668,113,3.7981,0.4361,20.56,16,4.16,631.7136,255.263,-4,36.087,46,0.4071,2,1,1,0,0,1,0,1,1,3,0,2,3,0,3,0,2,0,5,0,25,11,8,9,8,2,6,0.333,17,4,13,13,6
E5GAH3_1_1,0,0.6235,104,3.8065,0.4242,19.125,17,4.375,622.2574,238.0745,-5,38.4889,45,0.4327,0,1,1,0,0,1,0,1,1,3,0,2,3,0,3,0,2,0,6,0,24,12,8,7,9,2,7,0.286,15,4,11,12,4
E5GAH4_2_1,0,0.9937,148,3.7618,0.4306,24.9118,19,4.3824,794.0481,472.0175,-4,47.5593,59,0.3986,2,1,2,2,1,1,1,2,2,2,1,5,1,0,4,0,2,0,5,0,34,14,9,15,10,3,7,0.429,24,6,20,16,5
E5GAH5_1_1,0,0.996,192,3.8157,0.4638,31.0217,22,4.1304,1467.8567,1622.8312,-2,35.7955,88,0.4583,5,2,4,1,2,2,1,1,2,3,1,7,1,1,4,2,2,0,5,0,46,17,11,23,12,5,7,0.714,34,10,32,24,11
E5GAH6_1_1,0,0.9697,196,3.8014,0.4639,26.8222,23,4.0667,1413.6957,1535.3895,-3,33.7143,84,0.4286,4,2,4,0,2,2,1,1,2,3,1,7,1,1,3,2,2,1,6,0,45,17,11,21,13,5,8,0.625,32,9,29,25,10
E5GAH7_1_1,0,0.8856,247,3.8112,0.4571,29.5094,24,4.0755,1821.437,2174.5688,-2,33.7143,91,0.3684,6,3,5,1,2,2,2,1,3,3,2,7,2,1,4,2,2,0,5,0,53,19,11,28,14,6,8,0.75,39,10,37,27,13
F2XF99_L_2_1,0,0.8827,141,3.8818,0.4637,33.4333,15,4.5667,806.723,330.3182,-4,36.6452,62,0.4397,2,3,1,0,5,2,0,0,3,1,0,1,2,1,2,0,3,0,4,0,30,13,6,14,10,3,7,0.429,20,9,19,12,7
F8TWD1_L,0,0.9592,224,3.8037,0.4235,29.0976,21,4.2927,1546.2594,1519.9851,-4,36.1649,97,0.433,4,2,3,0,3,2,1,1,3,2,1,4,2,1,4,1,2,0,5,0,41,17,10,19,12,4,8,0.5,29,10,27,19,9
F8TWD2_L,0,0.8437,91,3.8485,0.437,23.5517,18,4.4483,646.5164,229.4647,-2,22.0833,24,0.2637,1,2,1,2,2,1,1,0,2,1,0,1,2,0,2,0,3,1,4,3,29,12,8,11,10,4,6,0.667,19,5,18,13,4
G5CV39_L,0,0.992,150,3.7711,0.4562,17.9062,20,4.0938,1008.6143,545.1905,-5,41.5769,52,0.3467,3,1,2,1,1,1,1,1,3,4,0,3,1,0,3,0,2,0,5,0,32,14,9,12,11,3,8,0.375,21,5,17,16,8
G5CV41_3_1,0,0.9939,167,3.8505,0.4529,29.8684,20,4.2105,1048.2943,741.9016,-2,44.2069,58,0.3473,3,4,3,1,2,1,2,1,1,3,0,2,3,0,4,0,2,0,5,1,38,14,10,18,10,4,6,0.667,28,7,26,18,10
O48935_M_1_1,0,0.9733,169,3.9031,0.4484,27.2857,22,4.6571,963.0511,519.5286,-2,31.7647,68,0.4024,2,1,1,3,2,2,1,1,2,1,0,2,0,2,5,0,3,1,4,2,35,17,14,11,10,4,6,0.667,25,9,23,15,6
Q29VN2_L_4_1,0,0.9697,140,3.8911,0.4814,28.0714,17,4.25,703.8516,311.0853,-1,51.0294,68,0.4857,2,2,1,0,1,1,1,1,1,2,0,2,3,0,3,0,2,0,3,3,28,10,10,11,7,3,4,0.75,21,5,19,14,6
P0CV94_L,0,0.9486,76,3.7872,0.4554,22.0476,14,4.4762,429.617,86.66,-4,33.9474,38,0.5,0,0,2,0,0,1,0,1,2,2,0,3,1,1,2,0,2,0,4,0,21,11,7,6,8,2,6,0.333,13,3,10,10,3
P0CV95_L,0,0.9789,98,3.7455,0.4504,21.0455,14,4.3182,543.4548,152.1139,-4,39.2889,45,0.4592,1,0,2,0,0,1,0,1,2,2,0,3,1,1,2,0,2,0,4,0,22,11,7,7,8,2,6,0.333,14,3,11,11,4
