Protein_ID,Fold,Split,Cluster
A0A059SVB0_L,fold_00,Train,3
A0A068B0N9_L,fold_00,Train,3
A0A097ZLN9_L,fold_00,Train,3
A0A097ZLP5_L,fold_00,Train,3
A0A097ZLS9_L,fold_00,Train,3
A0A0D3ML99_C,fold_00,Train,3
A0A140KFH3_L,fold_00,Train,3
A0A1Q1N939_L,fold_00,Train,3
A0A2R3ZE38_L,fold_00,Train,3
A0A2R3ZE39_L,fold_00,Train,3
A0A345BJ04_L,fold_00,Train,3
A0A3G9EWY9_L,fold_00,Train,3
A0A4Y5QWA6_L,fold_00,Train,3
A0A4Y5QZ62_L,fold_00,Train,3
A0A5B9G8E4_L,fold_00,Train,3
A0A6C0M6B5_L,fold_00,Train,3
A0A6P6W6H5_C,fold_00,Train,3
A0A7G8EIM4_L,fold_00,Train,3
A0A7L7S5P2_L,fold_00,Train,3
A0A7L7S5U1_L,fold_00,Train,3
A0A7L7T499_L,fold_00,Train,3
A0A7L7TAQ2_L,fold_00,Train,3
ATY48639_L,fold_00,Train,3
B0F4G4_C,fold_00,Train,3
B1NA83_L,fold_00,Train,3
B1NA84_L,fold_00,Train,3
B6F137_L,fold_00,Train,3
C0KWV5_L,fold_00,Train,3
C0KWV7_L,fold_00,Train,3
C0KY88_L,fold_00,Train,3
C0PPR1_L,fold_00,Train,3
D4N3A0_L,fold_00,Train,3
D4N3A1_L,fold_00,Train,3
D5SL78_L,fold_00,Train,3
dinctg000_np1212847_L,fold_00,Train,3
F2XF93_L,fold_00,Train,3
F2XFA6_L,fold_00,Train,3
F8TWD1_L,fold_00,Train,3
F8TWD2_L,fold_00,Train,3
G5CV39_L,fold_00,Train,3
H6UQ81_L,fold_00,Train,3
H6WBC5_L,fold_00,Train,3
J7HWK5_L,fold_00,Train,3
P0CV94_L,fold_00,Train,3
P0CV95_L,fold_00,Train,3
Q20HU7_C,fold_00,Train,3
Q2XSC5_L,fold_00,Train,3
Q2XSC6_C,fold_00,Train,3
Q5SBP3_L,fold_00,Train,3
Q675L1_C,fold_00,Train,3
Q675L2_L,fold_00,Train,3
Q6ZH94_L,fold_00,Train,3
Q84UV0_L,fold_00,Train,3
Q8H2B4_L,fold_00,Train,3
Q8L5K1_C,fold_00,Train,3
Q96376_L,fold_00,Train,3
Q9M5A4_C,fold_00,Train,3
Q9M7C9_C,fold_00,Train,3
Q9SPN0_L,fold_00,Train,3
Q9SPN1_L,fold_00,Train,3
Q9SW76_C,fold_00,Train,3
R4I6X2_L,fold_00,Train,3
R4YVJ5_C,fold_00,Train,3
slectg065_np871_L,fold_00,Train,3
slectg127_np665_L,fold_00,Train,3
slectg240_np1756_L,fold_00,Train,3
U5PZT6_L,fold_00,Train,3
vodctg000225_np551212.245_C,fold_00,Train,3
vodctg000245_np551212567_C,fold_00,Train,3
vraChr52544_C,fold_00,Train,3
A0A0F6PMD0_C,fold_00,Test,3
A0A1C9J6A7_C,fold_00,Test,3
A0A481YAH7_C,fold_00,Test,3
A0A4Y5QVX4_C,fold_00,Test,3
A7IZZ1_C,fold_00,Test,3
hmoChr44410_L,fold_00,Test,3
O04806_C,fold_00,Test,3
Q1XBU5_L,fold_00,Test,3
Q40322_C,fold_00,Test,3
Q6F5H2_C,fold_00,Test,3
Q6F5H3_C,fold_00,Test,3
Q8L5K3_C,fold_00,Test,3
Q940E7_C,fold_00,Test,3
Q9AXM7_C,fold_00,Test,3
Q9FUW5_C,fold_00,Test,3
vodctg000225_np551212959_L,fold_00,Test,3
vraChr51716_C,fold_00,Test,3
A0A059SVB0_L,fold_01,Train,4
A0A068B0N9_L,fold_01,Train,4
A0A097ZLN9_L,fold_01,Train,4
A0A097ZLP5_L,fold_01,Train,4
A0A097ZLS9_L,fold_01,Train,4
A0A0F6PMD0_C,fold_01,Train,4
A0A140KFH3_L,fold_01,Train,4
A0A1C9J6A7_C,fold_01,Train,4
A0A1Q1N939_L,fold_01,Train,4
A0A2R3ZE38_L,fold_01,Train,4
A0A345BJ04_L,fold_01,Train,4
A0A3G9EWY9_L,fold_01,Train,4
A0A481YAH7_C,fold_01,Train,4
A0A4Y5QVX4_C,fold_01,Train,4
A0A4Y5QWA6_L,fold_01,Train,4
A0A4Y5QZ62_L,fold_01,Train,4
A0A7L7S5P2_L,fold_01,Train,4
A0A7L7S5U1_L,fold_01,Train,4
A0A7L7T499_L,fold_01,Train,4
A0A7L7TAQ2_L,fold_01,Train,4
A7IZZ1_C,fold_01,Train,4
B0F4G4_C,fold_01,Train,4
B1NA83_L,fold_01,Train,4
B1NA84_L,fold_01,Train,4
B6F137_L,fold_01,Train,4
C0KWV5_L,fold_01,Train,4
C0KWV7_L,fold_01,Train,4
C0KY88_L,fold_01,Train,4
D4N3A0_L,fold_01,Train,4
D4N3A1_L,fold_01,Train,4
D5SL78_L,fold_01,Train,4
dinctg000_np1212847_L,fold_01,Train,4
F2XF93_L,fold_01,Train,4
F2XFA6_L,fold_01,Train,4
F8TWD1_L,fold_01,Train,4
G5CV39_L,fold_01,Train,4
H6UQ81_L,fold_01,Train,4
H6WBC5_L,fold_01,Train,4
hmoChr44410_L,fold_01,Train,4
J7HWK5_L,fold_01,Train,4
O04806_C,fold_01,Train,4
P0CV94_L,fold_01,Train,4
P0CV95_L,fold_01,Train,4
Q1XBU5_L,fold_01,Train,4
Q20HU7_C,fold_01,Train,4
Q2XSC5_L,fold_01,Train,4
Q2XSC6_C,fold_01,Train,4
Q40322_C,fold_01,Train,4
Q5SBP3_L,fold_01,Train,4
Q675L1_C,fold_01,Train,4
Q6F5H2_C,fold_01,Train,4
Q6F5H3_C,fold_01,Train,4
Q6ZH94_L,fold_01,Train,4
Q84UV0_L,fold_01,Train,4
Q8H2B4_L,fold_01,Train,4
Q8L5K3_C,fold_01,Train,4
Q940E7_C,fold_01,Train,4
Q9AXM7_C,fold_01,Train,4
Q9FUW5_C,fold_01,Train,4
Q9M5A4_C,fold_01,Train,4
Q9M7C9_C,fold_01,Train,4
Q9SPN0_L,fold_01,Train,4
Q9SPN1_L,fold_01,Train,4
Q9SW76_C,fold_01,Train,4
R4I6X2_L,fold_01,Train,4
R4YVJ5_C,fold_01,Train,4
slectg065_np871_L,fold_01,Train,4
slectg127_np665_L,fold_01,Train,4
slectg240_np1756_L,fold_01,Train,4
vodctg000225_np551212.245_C,fold_01,Train,4
vodctg000225_np551212959_L,fold_01,Train,4
vodctg000245_np551212567_C,fold_01,Train,4
vraChr51716_C,fold_01,Train,4
vraChr52544_C,fold_01,Train,4
A0A0D3ML99_C,fold_01,Test,4
A0A2R3ZE39_L,fold_01,Test,4
A0A5B9G8E4_L,fold_01,Test,4
A0A6C0M6B5_L,fold_01,Test,4
A0A6P6W6H5_C,fold_01,Test,4
A0A7G8EIM4_L,fold_01,Test,4
ATY48639_L,fold_01,Test,4
C0PPR1_L,fold_01,Test,4
F8TWD2_L,fold_01,Test,4
Q675L2_L,fold_01,Test,4
Q8L5K1_C,fold_01,Test,4
Q96376_L,fold_01,Test,4
U5PZT6_L,fold_01,Test,4
A0A059SVB0_L,fold_02,Train,1
A0A097ZLN9_L,fold_02,Train,1
A0A097ZLP5_L,fold_02,Train,1
A0A097ZLS9_L,fold_02,Train,1
A0A0D3ML99_C,fold_02,Train,1
A0A0F6PMD0_C,fold_02,Train,1
A0A140KFH3_L,fold_02,Train,1
A0A1C9J6A7_C,fold_02,Train,1
A0A1Q1N939_L,fold_02,Train,1
A0A2R3ZE38_L,fold_02,Train,1
A0A2R3ZE39_L,fold_02,Train,1
A0A345BJ04_L,fold_02,Train,1
A0A3G9EWY9_L,fold_02,Train,1
A0A481YAH7_C,fold_02,Train,1
A0A4Y5QVX4_C,fold_02,Train,1
A0A4Y5QWA6_L,fold_02,Train,1
A0A4Y5QZ62_L,fold_02,Train,1
A0A5B9G8E4_L,fold_02,Train,1
A0A6C0M6B5_L,fold_02,Train,1
A0A6P6W6H5_C,fold_02,Train,1
A0A7G8EIM4_L,fold_02,Train,1
A0A7L7S5U1_L,fold_02,Train,1
A0A7L7T499_L,fold_02,Train,1
A0A7L7TAQ2_L,fold_02,Train,1
A7IZZ1_C,fold_02,Train,1
ATY48639_L,fold_02,Train,1
B0F4G4_C,fold_02,Train,1
B1NA84_L,fold_02,Train,1
B6F137_L,fold_02,Train,1
C0KWV5_L,fold_02,Train,1
C0KY88_L,fold_02,Train,1
C0PPR1_L,fold_02,Train,1
D4N3A1_L,fold_02,Train,1
D5SL78_L,fold_02,Train,1
dinctg000_np1212847_L,fold_02,Train,1
F2XF93_L,fold_02,Train,1
F2XFA6_L,fold_02,Train,1
F8TWD1_L,fold_02,Train,1
F8TWD2_L,fold_02,Train,1
G5CV39_L,fold_02,Train,1
H6UQ81_L,fold_02,Train,1
H6WBC5_L,fold_02,Train,1
hmoChr44410_L,fold_02,Train,1
J7HWK5_L,fold_02,Train,1
O04806_C,fold_02,Train,1
P0CV94_L,fold_02,Train,1
P0CV95_L,fold_02,Train,1
Q1XBU5_L,fold_02,Train,1
Q20HU7_C,fold_02,Train,1
Q40322_C,fold_02,Train,1
Q5SBP3_L,fold_02,Train,1
Q675L1_C,fold_02,Train,1
Q675L2_L,fold_02,Train,1
Q6F5H2_C,fold_02,Train,1
Q6F5H3_C,fold_02,Train,1
Q8L5K1_C,fold_02,Train,1
Q8L5K3_C,fold_02,Train,1
Q940E7_C,fold_02,Train,1
Q96376_L,fold_02,Train,1
Q9AXM7_C,fold_02,Train,1
Q9FUW5_C,fold_02,Train,1
Q9M5A4_C,fold_02,Train,1
Q9M7C9_C,fold_02,Train,1
Q9SPN0_L,fold_02,Train,1
Q9SPN1_L,fold_02,Train,1
Q9SW76_C,fold_02,Train,1
R4I6X2_L,fold_02,Train,1
slectg065_np871_L,fold_02,Train,1
slectg127_np665_L,fold_02,Train,1
slectg240_np1756_L,fold_02,Train,1
U5PZT6_L,fold_02,Train,1
vodctg000225_np551212.245_C,fold_02,Train,1
vodctg000225_np551212959_L,fold_02,Train,1
vodctg000245_np551212567_C,fold_02,Train,1
vraChr51716_C,fold_02,Train,1
vraChr52544_C,fold_02,Train,1
A0A068B0N9_L,fold_02,Test,1
A0A7L7S5P2_L,fold_02,Test,1
B1NA83_L,fold_02,Test,1
C0KWV7_L,fold_02,Test,1
D4N3A0_L,fold_02,Test,1
Q2XSC5_L,fold_02,Test,1
Q2XSC6_C,fold_02,Test,1
Q6ZH94_L,fold_02,Test,1
Q84UV0_L,fold_02,Test,1
Q8H2B4_L,fold_02,Test,1
R4YVJ5_C,fold_02,Test,1
A0A068B0N9_L,fold_03,Train,0
A0A097ZLN9_L,fold_03,Train,0
A0A097ZLP5_L,fold_03,Train,0
A0A097ZLS9_L,fold_03,Train,0
A0A0D3ML99_C,fold_03,Train,0
A0A0F6PMD0_C,fold_03,Train,0
A0A140KFH3_L,fold_03,Train,0
A0A1C9J6A7_C,fold_03,Train,0
A0A1Q1N939_L,fold_03,Train,0
A0A2R3ZE38_L,fold_03,Train,0
A0A2R3ZE39_L,fold_03,Train,0
A0A345BJ04_L,fold_03,Train,0
A0A3G9EWY9_L,fold_03,Train,0
A0A481YAH7_C,fold_03,Train,0
A0A4Y5QVX4_C,fold_03,Train,0
A0A4Y5QWA6_L,fold_03,Train,0
A0A4Y5QZ62_L,fold_03,Train,0
A0A5B9G8E4_L,fold_03,Train,0
A0A6C0M6B5_L,fold_03,Train,0
A0A6P6W6H5_C,fold_03,Train,0
A0A7G8EIM4_L,fold_03,Train,0
A0A7L7S5P2_L,fold_03,Train,0
A0A7L7S5U1_L,fold_03,Train,0
A0A7L7T499_L,fold_03,Train,0
A0A7L7TAQ2_L,fold_03,Train,0
A7IZZ1_C,fold_03,Train,0
ATY48639_L,fold_03,Train,0
B1NA83_L,fold_03,Train,0
C0KWV7_L,fold_03,Train,0
C0PPR1_L,fold_03,Train,0
D4N3A0_L,fold_03,Train,0
D4N3A1_L,fold_03,Train,0
D5SL78_L,fold_03,Train,0
dinctg000_np1212847_L,fold_03,Train,0
F2XF93_L,fold_03,Train,0
F2XFA6_L,fold_03,Train,0
F8TWD1_L,fold_03,Train,0
F8TWD2_L,fold_03,Train,0
H6UQ81_L,fold_03,Train,0
H6WBC5_L,fold_03,Train,0
hmoChr44410_L,fold_03,Train,0
J7HWK5_L,fold_03,Train,0
O04806_C,fold_03,Train,0
P0CV94_L,fold_03,Train,0
P0CV95_L,fold_03,Train,0
Q1XBU5_L,fold_03,Train,0
Q20HU7_C,fold_03,Train,0
Q2XSC5_L,fold_03,Train,0
Q2XSC6_C,fold_03,Train,0
Q40322_C,fold_03,Train,0
Q5SBP3_L,fold_03,Train,0
Q675L1_C,fold_03,Train,0
Q675L2_L,fold_03,Train,0
Q6F5H2_C,fold_03,Train,0
Q6F5H3_C,fold_03,Train,0
Q6ZH94_L,fold_03,Train,0
Q84UV0_L,fold_03,Train,0
Q8H2B4_L,fold_03,Train,0
Q8L5K1_C,fold_03,Train,0
Q8L5K3_C,fold_03,Train,0
Q940E7_C,fold_03,Train,0
Q96376_L,fold_03,Train,0
Q9AXM7_C,fold_03,Train,0
Q9FUW5_C,fold_03,Train,0
Q9M7C9_C,fold_03,Train,0
Q9SPN0_L,fold_03,Train,0
Q9SPN1_L,fold_03,Train,0
R4I6X2_L,fold_03,Train,0
R4YVJ5_C,fold_03,Train,0
slectg127_np665_L,fold_03,Train,0
slectg240_np1756_L,fold_03,Train,0
U5PZT6_L,fold_03,Train,0
vodctg000225_np551212.245_C,fold_03,Train,0
vodctg000225_np551212959_L,fold_03,Train,0
vodctg000245_np551212567_C,fold_03,Train,0
vraChr51716_C,fold_03,Train,0
vraChr52544_C,fold_03,Train,0
A0A059SVB0_L,fold_03,Test,0
B0F4G4_C,fold_03,Test,0
B1NA84_L,fold_03,Test,0
B6F137_L,fold_03,Test,0
C0KWV5_L,fold_03,Test,0
C0KY88_L,fold_03,Test,0
G5CV39_L,fold_03,Test,0
Q9M5A4_C,fold_03,Test,0
Q9SW76_C,fold_03,Test,0
slectg065_np871_L,fold_03,Test,0
A0A059SVB0_L,fold_04,Train,12
A0A068B0N9_L,fold_04,Train,12
A0A097ZLP5_L,fold_04,Train,12
A0A0D3ML99_C,fold_04,Train,12
A0A0F6PMD0_C,fold_04,Train,12
A0A140KFH3_L,fold_04,Train,12
A0A1C9J6A7_C,fold_04,Train,12
A0A1Q1N939_L,fold_04,Train,12
A0A2R3ZE39_L,fold_04,Train,12
A0A345BJ04_L,fold_04,Train,12
A0A3G9EWY9_L,fold_04,Train,12
A0A481YAH7_C,fold_04,Train,12
A0A4Y5QVX4_C,fold_04,Train,12
A0A4Y5QWA6_L,fold_04,Train,12
A0A4Y5QZ62_L,fold_04,Train,12
A0A5B9G8E4_L,fold_04,Train,12
A0A6C0M6B5_L,fold_04,Train,12
A0A6P6W6H5_C,fold_04,Train,12
A0A7G8EIM4_L,fold_04,Train,12
A0A7L7S5P2_L,fold_04,Train,12
A0A7L7S5U1_L,fold_04,Train,12
A0A7L7T499_L,fold_04,Train,12
A0A7L7TAQ2_L,fold_04,Train,12
A7IZZ1_C,fold_04,Train,12
ATY48639_L,fold_04,Train,12
B0F4G4_C,fold_04,Train,12
B1NA83_L,fold_04,Train,12
B1NA84_L,fold_04,Train,12
B6F137_L,fold_04,Train,12
C0KWV5_L,fold_04,Train,12
C0KWV7_L,fold_04,Train,12
C0KY88_L,fold_04,Train,12
C0PPR1_L,fold_04,Train,12
D4N3A0_L,fold_04,Train,12
D4N3A1_L,fold_04,Train,12
dinctg000_np1212847_L,fold_04,Train,12
F2XF93_L,fold_04,Train,12
F2XFA6_L,fold_04,Train,12
F8TWD1_L,fold_04,Train,12
F8TWD2_L,fold_04,Train,12
G5CV39_L,fold_04,Train,12
H6UQ81_L,fold_04,Train,12
hmoChr44410_L,fold_04,Train,12
O04806_C,fold_04,Train,12
Q1XBU5_L,fold_04,Train,12
Q20HU7_C,fold_04,Train,12
Q2XSC5_L,fold_04,Train,12
Q2XSC6_C,fold_04,Train,12
Q40322_C,fold_04,Train,12
Q5SBP3_L,fold_04,Train,12
Q675L1_C,fold_04,Train,12
Q675L2_L,fold_04,Train,12
Q6F5H2_C,fold_04,Train,12
Q6F5H3_C,fold_04,Train,12
Q6ZH94_L,fold_04,Train,12
Q84UV0_L,fold_04,Train,12
Q8H2B4_L,fold_04,Train,12
Q8L5K1_C,fold_04,Train,12
Q8L5K3_C,fold_04,Train,12
Q940E7_C,fold_04,Train,12
Q96376_L,fold_04,Train,12
Q9AXM7_C,fold_04,Train,12
Q9FUW5_C,fold_04,Train,12
Q9M5A4_C,fold_04,Train,12
Q9M7C9_C,fold_04,Train,12
Q9SPN0_L,fold_04,Train,12
Q9SPN1_L,fold_04,Train,12
Q9SW76_C,fold_04,Train,12
R4YVJ5_C,fold_04,Train,12
slectg065_np871_L,fold_04,Train,12
slectg127_np665_L,fold_04,Train,12
slectg240_np1756_L,fold_04,Train,12
U5PZT6_L,fold_04,Train,12
vodctg000225_np551212.245_C,fold_04,Train,12
vodctg000225_np551212959_L,fold_04,Train,12
vodctg000245_np551212567_C,fold_04,Train,12
vraChr51716_C,fold_04,Train,12
vraChr52544_C,fold_04,Train,12
A0A097ZLN9_L,fold_04,Test,12
A0A097ZLS9_L,fold_04,Test,12
A0A2R3ZE38_L,fold_04,Test,12
D5SL78_L,fold_04,Test,12
H6WBC5_L,fold_04,Test,12
J7HWK5_L,fold_04,Test,12
P0CV94_L,fold_04,Test,12
P0CV95_L,fold_04,Test,12
R4I6X2_L,fold_04,Test,12
A0A059SVB0_L,fold_05,Train,7
A0A068B0N9_L,fold_05,Train,7
A0A097ZLN9_L,fold_05,Train,7
A0A097ZLS9_L,fold_05,Train,7
A0A0D3ML99_C,fold_05,Train,7
A0A0F6PMD0_C,fold_05,Train,7
A0A140KFH3_L,fold_05,Train,7
A0A1C9J6A7_C,fold_05,Train,7
A0A1Q1N939_L,fold_05,Train,7
A0A2R3ZE38_L,fold_05,Train,7
A0A2R3ZE39_L,fold_05,Train,7
A0A345BJ04_L,fold_05,Train,7
A0A3G9EWY9_L,fold_05,Train,7
A0A481YAH7_C,fold_05,Train,7
A0A4Y5QVX4_C,fold_05,Train,7
A0A4Y5QWA6_L,fold_05,Train,7
A0A4Y5QZ62_L,fold_05,Train,7
A0A5B9G8E4_L,fold_05,Train,7
A0A6C0M6B5_L,fold_05,Train,7
A0A6P6W6H5_C,fold_05,Train,7
A0A7G8EIM4_L,fold_05,Train,7
A0A7L7S5P2_L,fold_05,Train,7
A0A7L7S5U1_L,fold_05,Train,7
A0A7L7T499_L,fold_05,Train,7
A0A7L7TAQ2_L,fold_05,Train,7
A7IZZ1_C,fold_05,Train,7
ATY48639_L,fold_05,Train,7
B0F4G4_C,fold_05,Train,7
B1NA83_L,fold_05,Train,7
B1NA84_L,fold_05,Train,7
B6F137_L,fold_05,Train,7
C0KWV5_L,fold_05,Train,7
C0KWV7_L,fold_05,Train,7
C0KY88_L,fold_05,Train,7
C0PPR1_L,fold_05,Train,7
D4N3A0_L,fold_05,Train,7
D4N3A1_L,fold_05,Train,7
D5SL78_L,fold_05,Train,7
dinctg000_np1212847_L,fold_05,Train,7
F8TWD1_L,fold_05,Train,7
F8TWD2_L,fold_05,Train,7
G5CV39_L,fold_05,Train,7
H6UQ81_L,fold_05,Train,7
H6WBC5_L,fold_05,Train,7
hmoChr44410_L,fold_05,Train,7
J7HWK5_L,fold_05,Train,7
O04806_C,fold_05,Train,7
P0CV94_L,fold_05,Train,7
P0CV95_L,fold_05,Train,7
Q1XBU5_L,fold_05,Train,7
Q2XSC5_L,fold_05,Train,7
Q2XSC6_C,fold_05,Train,7
Q40322_C,fold_05,Train,7
Q5SBP3_L,fold_05,Train,7
Q675L2_L,fold_05,Train,7
Q6F5H2_C,fold_05,Train,7
Q6F5H3_C,fold_05,Train,7
Q6ZH94_L,fold_05,Train,7
Q84UV0_L,fold_05,Train,7
Q8H2B4_L,fold_05,Train,7
Q8L5K1_C,fold_05,Train,7
Q8L5K3_C,fold_05,Train,7
Q940E7_C,fold_05,Train,7
Q96376_L,fold_05,Train,7
Q9AXM7_C,fold_05,Train,7
Q9FUW5_C,fold_05,Train,7
Q9M5A4_C,fold_05,Train,7
Q9SPN0_L,fold_05,Train,7
Q9SPN1_L,fold_05,Train,7
Q9SW76_C,fold_05,Train,7
R4I6X2_L,fold_05,Train,7
R4YVJ5_C,fold_05,Train,7
slectg065_np871_L,fold_05,Train,7
slectg127_np665_L,fold_05,Train,7
slectg240_np1756_L,fold_05,Train,7
U5PZT6_L,fold_05,Train,7
vodctg000225_np551212.245_C,fold_05,Train,7
vodctg000225_np551212959_L,fold_05,Train,7
vodctg000245_np551212567_C,fold_05,Train,7
vraChr51716_C,fold_05,Train,7
vraChr52544_C,fold_05,Train,7
A0A097ZLP5_L,fold_05,Test,7
F2XF93_L,fold_05,Test,7
F2XFA6_L,fold_05,Test,7
Q20HU7_C,fold_05,Test,7
Q675L1_C,fold_05,Test,7
Q9M7C9_C,fold_05,Test,7
A0A059SVB0_L,fold_06,Train,10
A0A068B0N9_L,fold_06,Train,10
A0A097ZLN9_L,fold_06,Train,10
A0A097ZLP5_L,fold_06,Train,10
A0A097ZLS9_L,fold_06,Train,10
A0A0D3ML99_C,fold_06,Train,10
A0A0F6PMD0_C,fold_06,Train,10
A0A1C9J6A7_C,fold_06,Train,10
A0A1Q1N939_L,fold_06,Train,10
A0A2R3ZE38_L,fold_06,Train,10
A0A2R3ZE39_L,fold_06,Train,10
A0A345BJ04_L,fold_06,Train,10
A0A3G9EWY9_L,fold_06,Train,10
A0A481YAH7_C,fold_06,Train,10
A0A4Y5QVX4_C,fold_06,Train,10
A0A4Y5QWA6_L,fold_06,Train,10
A0A4Y5QZ62_L,fold_06,Train,10
A0A5B9G8E4_L,fold_06,Train,10
A0A6C0M6B5_L,fold_06,Train,10
A0A6P6W6H5_C,fold_06,Train,10
A0A7G8EIM4_L,fold_06,Train,10
A0A7L7S5P2_L,fold_06,Train,10
A0A7L7T499_L,fold_06,Train,10
A0A7L7TAQ2_L,fold_06,Train,10
A7IZZ1_C,fold_06,Train,10
ATY48639_L,fold_06,Train,10
B0F4G4_C,fold_06,Train,10
B1NA83_L,fold_06,Train,10
B1NA84_L,fold_06,Train,10
B6F137_L,fold_06,Train,10
C0KWV5_L,fold_06,Train,10
C0KWV7_L,fold_06,Train,10
C0KY88_L,fold_06,Train,10
C0PPR1_L,fold_06,Train,10
D4N3A0_L,fold_06,Train,10
D5SL78_L,fold_06,Train,10
dinctg000_np1212847_L,fold_06,Train,10
F2XF93_L,fold_06,Train,10
F2XFA6_L,fold_06,Train,10
F8TWD2_L,fold_06,Train,10
G5CV39_L,fold_06,Train,10
H6WBC5_L,fold_06,Train,10
hmoChr44410_L,fold_06,Train,10
J7HWK5_L,fold_06,Train,10
O04806_C,fold_06,Train,10
P0CV94_L,fold_06,Train,10
P0CV95_L,fold_06,Train,10
Q1XBU5_L,fold_06,Train,10
Q20HU7_C,fold_06,Train,10
Q2XSC5_L,fold_06,Train,10
Q2XSC6_C,fold_06,Train,10
Q40322_C,fold_06,Train,10
Q5SBP3_L,fold_06,Train,10
Q675L1_C,fold_06,Train,10
Q675L2_L,fold_06,Train,10
Q6F5H2_C,fold_06,Train,10
Q6F5H3_C,fold_06,Train,10
Q6ZH94_L,fold_06,Train,10
Q84UV0_L,fold_06,Train,10
Q8H2B4_L,fold_06,Train,10
Q8L5K1_C,fold_06,Train,10
Q8L5K3_C,fold_06,Train,10
Q940E7_C,fold_06,Train,10
Q96376_L,fold_06,Train,10
Q9AXM7_C,fold_06,Train,10
Q9FUW5_C,fold_06,Train,10
Q9M5A4_C,fold_06,Train,10
Q9M7C9_C,fold_06,Train,10
Q9SPN0_L,fold_06,Train,10
Q9SPN1_L,fold_06,Train,10
Q9SW76_C,fold_06,Train,10
R4I6X2_L,fold_06,Train,10
R4YVJ5_C,fold_06,Train,10
slectg065_np871_L,fold_06,Train,10
slectg127_np665_L,fold_06,Train,10
U5PZT6_L,fold_06,Train,10
vodctg000225_np551212.245_C,fold_06,Train,10
vodctg000225_np551212959_L,fold_06,Train,10
vodctg000245_np551212567_C,fold_06,Train,10
vraChr51716_C,fold_06,Train,10
vraChr52544_C,fold_06,Train,10
A0A140KFH3_L,fold_06,Test,10
A0A7L7S5U1_L,fold_06,Test,10
D4N3A1_L,fold_06,Test,10
F8TWD1_L,fold_06,Test,10
H6UQ81_L,fold_06,Test,10
slectg240_np1756_L,fold_06,Test,10
A0A059SVB0_L,fold_07,Train,11
A0A068B0N9_L,fold_07,Train,11
A0A097ZLN9_L,fold_07,Train,11
A0A097ZLP5_L,fold_07,Train,11
A0A097ZLS9_L,fold_07,Train,11
A0A0D3ML99_C,fold_07,Train,11
A0A0F6PMD0_C,fold_07,Train,11
A0A140KFH3_L,fold_07,Train,11
A0A1C9J6A7_C,fold_07,Train,11
A0A1Q1N939_L,fold_07,Train,11
A0A2R3ZE38_L,fold_07,Train,11
A0A2R3ZE39_L,fold_07,Train,11
A0A345BJ04_L,fold_07,Train,11
A0A3G9EWY9_L,fold_07,Train,11
A0A481YAH7_C,fold_07,Train,11
A0A4Y5QVX4_C,fold_07,Train,11
A0A4Y5QWA6_L,fold_07,Train,11
A0A4Y5QZ62_L,fold_07,Train,11
A0A5B9G8E4_L,fold_07,Train,11
A0A6C0M6B5_L,fold_07,Train,11
A0A6P6W6H5_C,fold_07,Train,11
A0A7G8EIM4_L,fold_07,Train,11
A0A7L7S5P2_L,fold_07,Train,11
A0A7L7S5U1_L,fold_07,Train,11
A0A7L7T499_L,fold_07,Train,11
A0A7L7TAQ2_L,fold_07,Train,11
A7IZZ1_C,fold_07,Train,11
ATY48639_L,fold_07,Train,11
B0F4G4_C,fold_07,Train,11
B1NA83_L,fold_07,Train,11
B1NA84_L,fold_07,Train,11
B6F137_L,fold_07,Train,11
C0KWV5_L,fold_07,Train,11
C0KWV7_L,fold_07,Train,11
C0KY88_L,fold_07,Train,11
C0PPR1_L,fold_07,Train,11
D4N3A0_L,fold_07,Train,11
D4N3A1_L,fold_07,Train,11
D5SL78_L,fold_07,Train,11
F2XF93_L,fold_07,Train,11
F2XFA6_L,fold_07,Train,11
F8TWD1_L,fold_07,Train,11
F8TWD2_L,fold_07,Train,11
G5CV39_L,fold_07,Train,11
H6UQ81_L,fold_07,Train,11
H6WBC5_L,fold_07,Train,11
hmoChr44410_L,fold_07,Train,11
J7HWK5_L,fold_07,Train,11
O04806_C,fold_07,Train,11
P0CV94_L,fold_07,Train,11
P0CV95_L,fold_07,Train,11
Q1XBU5_L,fold_07,Train,11
Q20HU7_C,fold_07,Train,11
Q2XSC5_L,fold_07,Train,11
Q2XSC6_C,fold_07,Train,11
Q40322_C,fold_07,Train,11
Q675L1_C,fold_07,Train,11
Q675L2_L,fold_07,Train,11
Q6F5H2_C,fold_07,Train,11
Q6F5H3_C,fold_07,Train,11
Q6ZH94_L,fold_07,Train,11
Q84UV0_L,fold_07,Train,11
Q8H2B4_L,fold_07,Train,11
Q8L5K1_C,fold_07,Train,11
Q8L5K3_C,fold_07,Train,11
Q940E7_C,fold_07,Train,11
Q96376_L,fold_07,Train,11
Q9AXM7_C,fold_07,Train,11
Q9FUW5_C,fold_07,Train,11
Q9M5A4_C,fold_07,Train,11
Q9M7C9_C,fold_07,Train,11
Q9SPN1_L,fold_07,Train,11
Q9SW76_C,fold_07,Train,11
R4I6X2_L,fold_07,Train,11
R4YVJ5_C,fold_07,Train,11
slectg065_np871_L,fold_07,Train,11
slectg240_np1756_L,fold_07,Train,11
U5PZT6_L,fold_07,Train,11
vodctg000225_np551212.245_C,fold_07,Train,11
vodctg000225_np551212959_L,fold_07,Train,11
vodctg000245_np551212567_C,fold_07,Train,11
vraChr51716_C,fold_07,Train,11
vraChr52544_C,fold_07,Train,11
dinctg000_np1212847_L,fold_07,Test,11
Q5SBP3_L,fold_07,Test,11
Q9SPN0_L,fold_07,Test,11
slectg127_np665_L,fold_07,Test,11
A0A059SVB0_L,fold_08,Train,5
A0A068B0N9_L,fold_08,Train,5
A0A097ZLN9_L,fold_08,Train,5
A0A097ZLP5_L,fold_08,Train,5
A0A097ZLS9_L,fold_08,Train,5
A0A0D3ML99_C,fold_08,Train,5
A0A0F6PMD0_C,fold_08,Train,5
A0A140KFH3_L,fold_08,Train,5
A0A1C9J6A7_C,fold_08,Train,5
A0A2R3ZE38_L,fold_08,Train,5
A0A2R3ZE39_L,fold_08,Train,5
A0A345BJ04_L,fold_08,Train,5
A0A3G9EWY9_L,fold_08,Train,5
A0A481YAH7_C,fold_08,Train,5
A0A4Y5QVX4_C,fold_08,Train,5
A0A4Y5QWA6_L,fold_08,Train,5
A0A4Y5QZ62_L,fold_08,Train,5
A0A5B9G8E4_L,fold_08,Train,5
A0A6C0M6B5_L,fold_08,Train,5
A0A6P6W6H5_C,fold_08,Train,5
A0A7G8EIM4_L,fold_08,Train,5
A0A7L7S5P2_L,fold_08,Train,5
A0A7L7S5U1_L,fold_08,Train,5
A7IZZ1_C,fold_08,Train,5
ATY48639_L,fold_08,Train,5
B0F4G4_C,fold_08,Train,5
B1NA83_L,fold_08,Train,5
B1NA84_L,fold_08,Train,5
B6F137_L,fold_08,Train,5
C0KWV5_L,fold_08,Train,5
C0KWV7_L,fold_08,Train,5
C0KY88_L,fold_08,Train,5
C0PPR1_L,fold_08,Train,5
D4N3A0_L,fold_08,Train,5
D4N3A1_L,fold_08,Train,5
D5SL78_L,fold_08,Train,5
dinctg000_np1212847_L,fold_08,Train,5
F2XF93_L,fold_08,Train,5
F2XFA6_L,fold_08,Train,5
F8TWD1_L,fold_08,Train,5
F8TWD2_L,fold_08,Train,5
G5CV39_L,fold_08,Train,5
H6UQ81_L,fold_08,Train,5
H6WBC5_L,fold_08,Train,5
hmoChr44410_L,fold_08,Train,5
J7HWK5_L,fold_08,Train,5
O04806_C,fold_08,Train,5
P0CV94_L,fold_08,Train,5
P0CV95_L,fold_08,Train,5
Q1XBU5_L,fold_08,Train,5
Q20HU7_C,fold_08,Train,5
Q2XSC5_L,fold_08,Train,5
Q2XSC6_C,fold_08,Train,5
Q40322_C,fold_08,Train,5
Q5SBP3_L,fold_08,Train,5
Q675L1_C,fold_08,Train,5
Q675L2_L,fold_08,Train,5
Q6F5H2_C,fold_08,Train,5
Q6F5H3_C,fold_08,Train,5
Q6ZH94_L,fold_08,Train,5
Q84UV0_L,fold_08,Train,5
Q8H2B4_L,fold_08,Train,5
Q8L5K1_C,fold_08,Train,5
Q8L5K3_C,fold_08,Train,5
Q940E7_C,fold_08,Train,5
Q96376_L,fold_08,Train,5
Q9AXM7_C,fold_08,Train,5
Q9FUW5_C,fold_08,Train,5
Q9M5A4_C,fold_08,Train,5
Q9M7C9_C,fold_08,Train,5
Q9SPN0_L,fold_08,Train,5
Q9SPN1_L,fold_08,Train,5
Q9SW76_C,fold_08,Train,5
R4I6X2_L,fold_08,Train,5
R4YVJ5_C,fold_08,Train,5
slectg065_np871_L,fold_08,Train,5
slectg127_np665_L,fold_08,Train,5
slectg240_np1756_L,fold_08,Train,5
U5PZT6_L,fold_08,Train,5
vodctg000225_np551212.245_C,fold_08,Train,5
vodctg000225_np551212959_L,fold_08,Train,5
vodctg000245_np551212567_C,fold_08,Train,5
vraChr51716_C,fold_08,Train,5
vraChr52544_C,fold_08,Train,5
A0A1Q1N939_L,fold_08,Test,5
A0A7L7T499_L,fold_08,Test,5
A0A7L7TAQ2_L,fold_08,Test,5
A0A059SVB0_L,fold_09,Train,9
A0A068B0N9_L,fold_09,Train,9
A0A097ZLN9_L,fold_09,Train,9
A0A097ZLP5_L,fold_09,Train,9
A0A097ZLS9_L,fold_09,Train,9
A0A0D3ML99_C,fold_09,Train,9
A0A0F6PMD0_C,fold_09,Train,9
A0A140KFH3_L,fold_09,Train,9
A0A1C9J6A7_C,fold_09,Train,9
A0A1Q1N939_L,fold_09,Train,9
A0A2R3ZE38_L,fold_09,Train,9
A0A2R3ZE39_L,fold_09,Train,9
A0A345BJ04_L,fold_09,Train,9
A0A3G9EWY9_L,fold_09,Train,9
A0A481YAH7_C,fold_09,Train,9
A0A4Y5QVX4_C,fold_09,Train,9
A0A4Y5QWA6_L,fold_09,Train,9
A0A4Y5QZ62_L,fold_09,Train,9
A0A5B9G8E4_L,fold_09,Train,9
A0A6C0M6B5_L,fold_09,Train,9
A0A6P6W6H5_C,fold_09,Train,9
A0A7G8EIM4_L,fold_09,Train,9
A0A7L7S5P2_L,fold_09,Train,9
A0A7L7S5U1_L,fold_09,Train,9
A0A7L7T499_L,fold_09,Train,9
A0A7L7TAQ2_L,fold_09,Train,9
A7IZZ1_C,fold_09,Train,9
ATY48639_L,fold_09,Train,9
B0F4G4_C,fold_09,Train,9
B1NA83_L,fold_09,Train,9
B1NA84_L,fold_09,Train,9
B6F137_L,fold_09,Train,9
C0KWV5_L,fold_09,Train,9
C0KWV7_L,fold_09,Train,9
C0KY88_L,fold_09,Train,9
C0PPR1_L,fold_09,Train,9
D4N3A0_L,fold_09,Train,9
D4N3A1_L,fold_09,Train,9
D5SL78_L,fold_09,Train,9
dinctg000_np1212847_L,fold_09,Train,9
F2XF93_L,fold_09,Train,9
F2XFA6_L,fold_09,Train,9
F8TWD1_L,fold_09,Train,9
F8TWD2_L,fold_09,Train,9
G5CV39_L,fold_09,Train,9
H6UQ81_L,fold_09,Train,9
H6WBC5_L,fold_09,Train,9
hmoChr44410_L,fold_09,Train,9
J7HWK5_L,fold_09,Train,9
O04806_C,fold_09,Train,9
P0CV94_L,fold_09,Train,9
P0CV95_L,fold_09,Train,9
Q1XBU5_L,fold_09,Train,9
Q20HU7_C,fold_09,Train,9
Q2XSC5_L,fold_09,Train,9
Q2XSC6_C,fold_09,Train,9
Q40322_C,fold_09,Train,9
Q5SBP3_L,fold_09,Train,9
Q675L1_C,fold_09,Train,9
Q675L2_L,fold_09,Train,9
Q6F5H2_C,fold_09,Train,9
Q6F5H3_C,fold_09,Train,9
Q6ZH94_L,fold_09,Train,9
Q84UV0_L,fold_09,Train,9
Q8H2B4_L,fold_09,Train,9
Q8L5K1_C,fold_09,Train,9
Q8L5K3_C,fold_09,Train,9
Q940E7_C,fold_09,Train,9
Q96376_L,fold_09,Train,9
Q9AXM7_C,fold_09,Train,9
Q9FUW5_C,fold_09,Train,9
Q9M5A4_C,fold_09,Train,9
Q9M7C9_C,fold_09,Train,9
Q9SPN0_L,fold_09,Train,9
Q9SPN1_L,fold_09,Train,9
Q9SW76_C,fold_09,Train,9
R4I6X2_L,fold_09,Train,9
R4YVJ5_C,fold_09,Train,9
slectg065_np871_L,fold_09,Train,9
slectg127_np665_L,fold_09,Train,9
slectg240_np1756_L,fold_09,Train,9
U5PZT6_L,fold_09,Train,9
vodctg000225_np551212959_L,fold_09,Train,9
vraChr51716_C,fold_09,Train,9
vodctg000225_np551212.245_C,fold_09,Test,9
vodctg000245_np551212567_C,fold_09,Test,9
vraChr52544_C,fold_09,Test,9
A0A059SVB0_L,fold_10,Train,2
A0A068B0N9_L,fold_10,Train,2
A0A097ZLN9_L,fold_10,Train,2
A0A097ZLP5_L,fold_10,Train,2
A0A097ZLS9_L,fold_10,Train,2
A0A0D3ML99_C,fold_10,Train,2
A0A0F6PMD0_C,fold_10,Train,2
A0A140KFH3_L,fold_10,Train,2
A0A1C9J6A7_C,fold_10,Train,2
A0A1Q1N939_L,fold_10,Train,2
A0A2R3ZE38_L,fold_10,Train,2
A0A2R3ZE39_L,fold_10,Train,2
A0A3G9EWY9_L,fold_10,Train,2
A0A481YAH7_C,fold_10,Train,2
A0A4Y5QVX4_C,fold_10,Train,2
A0A4Y5QWA6_L,fold_10,Train,2
A0A4Y5QZ62_L,fold_10,Train,2
A0A5B9G8E4_L,fold_10,Train,2
A0A6C0M6B5_L,fold_10,Train,2
A0A6P6W6H5_C,fold_10,Train,2
A0A7G8EIM4_L,fold_10,Train,2
A0A7L7S5P2_L,fold_10,Train,2
A0A7L7S5U1_L,fold_10,Train,2
A0A7L7T499_L,fold_10,Train,2
A0A7L7TAQ2_L,fold_10,Train,2
A7IZZ1_C,fold_10,Train,2
ATY48639_L,fold_10,Train,2
B0F4G4_C,fold_10,Train,2
B1NA83_L,fold_10,Train,2
B1NA84_L,fold_10,Train,2
B6F137_L,fold_10,Train,2
C0KWV5_L,fold_10,Train,2
C0KWV7_L,fold_10,Train,2
C0KY88_L,fold_10,Train,2
C0PPR1_L,fold_10,Train,2
D4N3A0_L,fold_10,Train,2
D4N3A1_L,fold_10,Train,2
D5SL78_L,fold_10,Train,2
dinctg000_np1212847_L,fold_10,Train,2
F2XF93_L,fold_10,Train,2
F2XFA6_L,fold_10,Train,2
F8TWD1_L,fold_10,Train,2
F8TWD2_L,fold_10,Train,2
G5CV39_L,fold_10,Train,2
H6UQ81_L,fold_10,Train,2
H6WBC5_L,fold_10,Train,2
hmoChr44410_L,fold_10,Train,2
J7HWK5_L,fold_10,Train,2
O04806_C,fold_10,Train,2
P0CV94_L,fold_10,Train,2
P0CV95_L,fold_10,Train,2
Q1XBU5_L,fold_10,Train,2
Q20HU7_C,fold_10,Train,2
Q2XSC5_L,fold_10,Train,2
Q2XSC6_C,fold_10,Train,2
Q40322_C,fold_10,Train,2
Q5SBP3_L,fold_10,Train,2
Q675L1_C,fold_10,Train,2
Q675L2_L,fold_10,Train,2
Q6F5H2_C,fold_10,Train,2
Q6F5H3_C,fold_10,Train,2
Q6ZH94_L,fold_10,Train,2
Q84UV0_L,fold_10,Train,2
Q8H2B4_L,fold_10,Train,2
Q8L5K1_C,fold_10,Train,2
Q8L5K3_C,fold_10,Train,2
Q940E7_C,fold_10,Train,2
Q96376_L,fold_10,Train,2
Q9AXM7_C,fold_10,Train,2
Q9FUW5_C,fold_10,Train,2
Q9M5A4_C,fold_10,Train,2
Q9M7C9_C,fold_10,Train,2
Q9SPN0_L,fold_10,Train,2
Q9SW76_C,fold_10,Train,2
R4I6X2_L,fold_10,Train,2
R4YVJ5_C,fold_10,Train,2
slectg065_np871_L,fold_10,Train,2
slectg127_np665_L,fold_10,Train,2
slectg240_np1756_L,fold_10,Train,2
U5PZT6_L,fold_10,Train,2
vodctg000225_np551212.245_C,fold_10,Train,2
vodctg000225_np551212959_L,fold_10,Train,2
vodctg000245_np551212567_C,fold_10,Train,2
vraChr51716_C,fold_10,Train,2
vraChr52544_C,fold_10,Train,2
A0A345BJ04_L,fold_10,Test,2
Q9SPN1_L,fold_10,Test,2
A0A059SVB0_L,fold_11,Train,8
A0A068B0N9_L,fold_11,Train,8
A0A097ZLN9_L,fold_11,Train,8
A0A097ZLP5_L,fold_11,Train,8
A0A097ZLS9_L,fold_11,Train,8
A0A0D3ML99_C,fold_11,Train,8
A0A0F6PMD0_C,fold_11,Train,8
A0A140KFH3_L,fold_11,Train,8
A0A1C9J6A7_C,fold_11,Train,8
A0A1Q1N939_L,fold_11,Train,8
A0A2R3ZE38_L,fold_11,Train,8
A0A2R3ZE39_L,fold_11,Train,8
A0A345BJ04_L,fold_11,Train,8
A0A3G9EWY9_L,fold_11,Train,8
A0A481YAH7_C,fold_11,Train,8
A0A4Y5QVX4_C,fold_11,Train,8
A0A5B9G8E4_L,fold_11,Train,8
A0A6C0M6B5_L,fold_11,Train,8
A0A6P6W6H5_C,fold_11,Train,8
A0A7G8EIM4_L,fold_11,Train,8
A0A7L7S5P2_L,fold_11,Train,8
A0A7L7S5U1_L,fold_11,Train,8
A0A7L7T499_L,fold_11,Train,8
A0A7L7TAQ2_L,fold_11,Train,8
A7IZZ1_C,fold_11,Train,8
ATY48639_L,fold_11,Train,8
B0F4G4_C,fold_11,Train,8
B1NA83_L,fold_11,Train,8
B1NA84_L,fold_11,Train,8
B6F137_L,fold_11,Train,8
C0KWV5_L,fold_11,Train,8
C0KWV7_L,fold_11,Train,8
C0KY88_L,fold_11,Train,8
C0PPR1_L,fold_11,Train,8
D4N3A0_L,fold_11,Train,8
D4N3A1_L,fold_11,Train,8
D5SL78_L,fold_11,Train,8
dinctg000_np1212847_L,fold_11,Train,8
F2XF93_L,fold_11,Train,8
F2XFA6_L,fold_11,Train,8
F8TWD1_L,fold_11,Train,8
F8TWD2_L,fold_11,Train,8
G5CV39_L,fold_11,Train,8
H6UQ81_L,fold_11,Train,8
H6WBC5_L,fold_11,Train,8
hmoChr44410_L,fold_11,Train,8
J7HWK5_L,fold_11,Train,8
O04806_C,fold_11,Train,8
P0CV94_L,fold_11,Train,8
P0CV95_L,fold_11,Train,8
Q1XBU5_L,fold_11,Train,8
Q20HU7_C,fold_11,Train,8
Q2XSC5_L,fold_11,Train,8
Q2XSC6_C,fold_11,Train,8
Q40322_C,fold_11,Train,8
Q5SBP3_L,fold_11,Train,8
Q675L1_C,fold_11,Train,8
Q675L2_L,fold_11,Train,8
Q6F5H2_C,fold_11,Train,8
Q6F5H3_C,fold_11,Train,8
Q6ZH94_L,fold_11,Train,8
Q84UV0_L,fold_11,Train,8
Q8H2B4_L,fold_11,Train,8
Q8L5K1_C,fold_11,Train,8
Q8L5K3_C,fold_11,Train,8
Q940E7_C,fold_11,Train,8
Q96376_L,fold_11,Train,8
Q9AXM7_C,fold_11,Train,8
Q9FUW5_C,fold_11,Train,8
Q9M5A4_C,fold_11,Train,8
Q9M7C9_C,fold_11,Train,8
Q9SPN0_L,fold_11,Train,8
Q9SPN1_L,fold_11,Train,8
Q9SW76_C,fold_11,Train,8
R4I6X2_L,fold_11,Train,8
R4YVJ5_C,fold_11,Train,8
slectg065_np871_L,fold_11,Train,8
slectg127_np665_L,fold_11,Train,8
slectg240_np1756_L,fold_11,Train,8
U5PZT6_L,fold_11,Train,8
vodctg000225_np551212.245_C,fold_11,Train,8
vodctg000225_np551212959_L,fold_11,Train,8
vodctg000245_np551212567_C,fold_11,Train,8
vraChr51716_C,fold_11,Train,8
vraChr52544_C,fold_11,Train,8
A0A4Y5QWA6_L,fold_11,Test,8
A0A4Y5QZ62_L,fold_11,Test,8
A0A059SVB0_L,fold_12,Train,6
A0A068B0N9_L,fold_12,Train,6
A0A097ZLN9_L,fold_12,Train,6
A0A097ZLP5_L,fold_12,Train,6
A0A097ZLS9_L,fold_12,Train,6
A0A0D3ML99_C,fold_12,Train,6
A0A0F6PMD0_C,fold_12,Train,6
A0A140KFH3_L,fold_12,Train,6
A0A1C9J6A7_C,fold_12,Train,6
A0A1Q1N939_L,fold_12,Train,6
A0A2R3ZE38_L,fold_12,Train,6
A0A2R3ZE39_L,fold_12,Train,6
A0A345BJ04_L,fold_12,Train,6
A0A481YAH7_C,fold_12,Train,6
A0A4Y5QVX4_C,fold_12,Train,6
A0A4Y5QWA6_L,fold_12,Train,6
A0A4Y5QZ62_L,fold_12,Train,6
A0A5B9G8E4_L,fold_12,Train,6
A0A6C0M6B5_L,fold_12,Train,6
A0A6P6W6H5_C,fold_12,Train,6
A0A7G8EIM4_L,fold_12,Train,6
A0A7L7S5P2_L,fold_12,Train,6
A0A7L7S5U1_L,fold_12,Train,6
A0A7L7T499_L,fold_12,Train,6
A0A7L7TAQ2_L,fold_12,Train,6
A7IZZ1_C,fold_12,Train,6
ATY48639_L,fold_12,Train,6
B0F4G4_C,fold_12,Train,6
B1NA83_L,fold_12,Train,6
B1NA84_L,fold_12,Train,6
B6F137_L,fold_12,Train,6
C0KWV5_L,fold_12,Train,6
C0KWV7_L,fold_12,Train,6
C0KY88_L,fold_12,Train,6
C0PPR1_L,fold_12,Train,6
D4N3A0_L,fold_12,Train,6
D4N3A1_L,fold_12,Train,6
D5SL78_L,fold_12,Train,6
dinctg000_np1212847_L,fold_12,Train,6
F2XF93_L,fold_12,Train,6
F2XFA6_L,fold_12,Train,6
F8TWD1_L,fold_12,Train,6
F8TWD2_L,fold_12,Train,6
G5CV39_L,fold_12,Train,6
H6UQ81_L,fold_12,Train,6
H6WBC5_L,fold_12,Train,6
hmoChr44410_L,fold_12,Train,6
J7HWK5_L,fold_12,Train,6
O04806_C,fold_12,Train,6
P0CV94_L,fold_12,Train,6
P0CV95_L,fold_12,Train,6
Q1XBU5_L,fold_12,Train,6
Q20HU7_C,fold_12,Train,6
Q2XSC5_L,fold_12,Train,6
Q2XSC6_C,fold_12,Train,6
Q40322_C,fold_12,Train,6
Q5SBP3_L,fold_12,Train,6
Q675L1_C,fold_12,Train,6
Q675L2_L,fold_12,Train,6
Q6F5H2_C,fold_12,Train,6
Q6F5H3_C,fold_12,Train,6
Q6ZH94_L,fold_12,Train,6
Q84UV0_L,fold_12,Train,6
Q8H2B4_L,fold_12,Train,6
Q8L5K1_C,fold_12,Train,6
Q8L5K3_C,fold_12,Train,6
Q940E7_C,fold_12,Train,6
Q96376_L,fold_12,Train,6
Q9AXM7_C,fold_12,Train,6
Q9FUW5_C,fold_12,Train,6
Q9M5A4_C,fold_12,Train,6
Q9M7C9_C,fold_12,Train,6
Q9SPN0_L,fold_12,Train,6
Q9SPN1_L,fold_12,Train,6
Q9SW76_C,fold_12,Train,6
R4I6X2_L,fold_12,Train,6
R4YVJ5_C,fold_12,Train,6
slectg065_np871_L,fold_12,Train,6
slectg127_np665_L,fold_12,Train,6
slectg240_np1756_L,fold_12,Train,6
U5PZT6_L,fold_12,Train,6
vodctg000225_np551212.245_C,fold_12,Train,6
vodctg000225_np551212959_L,fold_12,Train,6
vodctg000245_np551212567_C,fold_12,Train,6
vraChr51716_C,fold_12,Train,6
vraChr52544_C,fold_12,Train,6
A0A3G9EWY9_L,fold_12,Test,6
